abilities,against_bug,against_dark,against_dragon,against_electric,against_fairy,against_fighting,against_fire,against_flying,against_ghost,against_grass,against_ground,against_ice,against_normal,against_poison,against_psychic,against_rock,against_steel,against_water,attack,base_happiness,base_total,capture_rate,classfication,defense,experience_growth,height_m,hp,japanese_name,name,percentage_male,pokedex_number,sp_attack,sp_defense,speed,weight_kg,generation,is_fire_type,is_water_type,is_grass_type,is_electric_type,is_ground_type,is_bug_type,is_normal_type,is_ice_type,is_flying_type,is_poison_type,is_fighting_type,is_rock_type,is_steel_type,is_fairy_type,is_dark_type,is_ghost_type,is_dragon_type,is_psychic_type,pure_type,base_egg_steps
"['Rough Skin', 'Speed Boost']",2.0,0.5,1.0,2.0,2.0,2.0,0.5,1.0,0.5,2.0,1.0,0.5,1.0,1.0,0.0,1.0,0.5,0.5,90,<70,305,225.0,Savage Pokémon,20,>=1.25M,0.8,45,Kibanhaキバニア,Carvanha,50,318,65,20,65,20.8,3,False,True,False,False,False,False,False,False,False,False,False,False,False,False,True,False,False,False,False,5120
"['Shed Skin', 'Overcoat']",1.0,1.0,1.0,1.0,1.0,0.5,2.0,2.0,1.0,0.5,0.5,1.0,1.0,1.0,1.0,2.0,1.0,1.0,29,>=70,224,120.0,Bagworm Pokémon,45,1M-1.25M,0.2,40,Minomucchiミノムッチ,Burmy,50,412,29,45,36,3.4,4,False,False,False,False,False,True,False,False,False,False,False,False,False,False,False,False,False,False,True,<=3840
['Steelworker'],1.0,2.0,1.0,0.5,1.0,0.0,2.0,2.0,2.0,0.5,0.5,2.0,0.0,1.0,1.0,1.0,1.0,0.5,131,>=70,517,25.0,Sea Creeper Pokémon,100,1M-1.25M,3.9,70,Dadarinダダリン,Dhelmise,agender,781,86,90,40,210.0,7,False,False,True,False,False,False,False,False,False,False,False,False,False,False,False,True,False,False,False,6400
"['Clear Body', 'Liquid Ooze', 'Rain Dish']",0.5,1.0,1.0,2.0,0.5,0.5,0.5,1.0,1.0,1.0,2.0,0.5,1.0,0.5,2.0,1.0,0.5,0.5,40,>=70,335,190.0,Jellyfish Pokémon,35,>=1.25M,0.9,40,Menokurageメノクラゲ,Tentacool,50,72,50,100,70,45.5,1,False,True,False,False,False,False,False,False,False,True,False,False,False,False,False,False,False,False,False,5120
"['Snow Cloak', 'Slush Rush', 'Rattled']",1.0,1.0,1.0,1.0,1.0,2.0,2.0,1.0,1.0,1.0,1.0,0.5,1.0,1.0,1.0,2.0,2.0,1.0,70,>=70,305,120.0,Chill Pokémon,40,1M-1.25M,0.5,55,Kumasyunクマシュン,Cubchoo,50,613,60,40,40,8.5,5,False,False,False,False,False,False,False,True,False,False,False,False,False,False,False,False,False,False,True,5120
"['Swarm', 'Shed Skin', 'No Guard']",1.0,1.0,1.0,1.0,1.0,0.5,2.0,2.0,1.0,0.5,0.5,1.0,1.0,1.0,1.0,2.0,1.0,1.0,75,>=70,315,200.0,Clamping Pokémon,45,1M-1.25M,0.5,50,Kaburumoカブルモ,Karrablast,50,588,40,45,60,5.9,5,False,False,False,False,False,True,False,False,False,False,False,False,False,False,False,False,False,False,True,<=3840
"['Flash Fire', 'Drought', 'Snow Cloak', 'Snow Warning']",0.5,1.0,1.0,1.0,0.5,1.0,0.5,1.0,1.0,0.5,2.0,0.5,1.0,1.0,1.0,2.0,0.5,2.0,41,>=70,299,190.0,Fox Pokémon,40,1M-1.25M,0.6,38,Rokonロコン,Vulpix,<50,37,50,65,65,9.9,1,True,False,False,False,False,False,False,True,False,False,False,False,False,False,False,False,False,False,False,5120
"['Frisk', 'Infiltrator', 'Telepathy']",0.5,1.0,2.0,1.0,2.0,0.5,0.5,1.0,1.0,0.25,0.0,4.0,1.0,1.0,1.0,2.0,1.0,0.5,30,>=70,245,190.0,Sound Wave Pokémon,35,1M-1.25M,0.5,40,Onbatオンバット,Noibat,50,714,45,40,55,8.0,6,False,False,False,False,False,False,False,False,True,False,False,False,False,False,False,False,True,False,False,5120
"['Rock Head', 'Sturdy', 'Sand Veil', 'Magnet Pull', 'Sturdy', 'Galvanize']",1.0,1.0,1.0,0.0,1.0,2.0,0.5,0.5,1.0,4.0,2.0,2.0,0.5,0.25,1.0,0.5,2.0,4.0,80,>=70,300,255.0,Rock Pokémon,100,1M-1.25M,0.4,40,Isitsubuteイシツブテ,Geodude,50,74,30,30,20,20.0,1,False,False,False,False,True,False,False,False,False,False,False,True,False,False,False,False,False,False,False,<=3840
"['Shield Dust', 'Run Away']",1.0,1.0,1.0,1.0,1.0,0.5,2.0,2.0,1.0,0.5,0.5,1.0,1.0,1.0,1.0,2.0,1.0,1.0,45,>=70,195,255.0,Worm Pokémon,35,1M-1.25M,0.3,45,Kemussoケムッソ,Wurmple,50,265,20,30,20,3.6,3,False,False,False,False,False,True,False,False,False,False,False,False,False,False,False,False,False,False,True,<=3840
"['Early Bird', 'Flash Fire', 'Unnerve']",1.0,0.5,1.0,1.0,1.0,2.0,0.5,1.0,0.5,0.5,2.0,0.5,1.0,1.0,0.0,2.0,0.5,2.0,60,<70,330,120.0,Dark Pokémon,30,>=1.25M,0.6,45,Delvilデルビル,Houndour,50,228,80,50,65,10.8,2,True,False,False,False,False,False,False,False,False,False,False,False,False,False,True,False,False,False,False,5120
"['Flame Body', 'Vital Spirit']",0.5,1.0,1.0,1.0,0.5,1.0,0.5,1.0,1.0,0.5,2.0,0.5,1.0,1.0,1.0,2.0,0.5,2.0,75,>=70,365,45.0,Live Coal Pokémon,37,1M-1.25M,0.7,45,Bubyブビィ,Magby,>50,240,70,55,83,21.4,2,True,False,False,False,False,False,False,False,False,False,False,False,False,False,False,False,False,False,True,6400
"['Levitate', 'Heatproof', 'Heavy Metal']",1.0,2.0,0.5,1.0,0.5,1.0,2.0,0.5,2.0,0.5,2.0,0.5,0.5,0.0,0.25,0.5,0.5,1.0,24,>=70,300,255.0,Bronze Pokémon,86,1M-1.25M,0.5,57,Dohmirrorドーミラー,Bronzor,agender,436,24,86,23,60.5,4,False,False,False,False,False,False,False,False,False,False,False,False,True,False,False,False,False,True,False,5120
"['Overgrow', 'Long Reach']",1.0,1.0,1.0,1.0,1.0,0.5,2.0,2.0,1.0,0.25,0.0,4.0,1.0,2.0,1.0,2.0,1.0,0.5,55,>=70,320,45.0,Grass Quill Pokémon,55,1M-1.25M,0.3,68,Mokurohモクロー,Rowlet,>50,722,50,50,42,1.5,7,False,False,True,False,False,False,False,False,True,False,False,False,False,False,False,False,False,False,False,<=3840
"['Guts', 'Steadfast', 'Vital Spirit']",0.5,0.5,1.0,1.0,2.0,1.0,1.0,2.0,1.0,1.0,1.0,1.0,1.0,1.0,2.0,0.5,1.0,1.0,35,>=70,210,75.0,Scuffle Pokémon,35,1M-1.25M,0.7,35,Balkieバルキー,Tyrogue,>50,236,35,35,35,21.0,2,False,False,False,False,False,False,False,False,False,False,True,False,False,False,False,False,False,False,True,6400
"['Minus', 'Volt Absorb']",1.0,1.0,1.0,0.5,1.0,1.0,1.0,0.5,1.0,1.0,2.0,1.0,1.0,1.0,1.0,1.0,0.5,1.0,40,>=70,405,200.0,Cheering Pokémon,50,1M-1.25M,0.4,60,Minunマイナン,Minun,50,312,75,85,95,4.2,3,False,False,False,True,False,False,False,False,False,False,False,False,False,False,False,False,False,False,True,5120
"['Overgrow', 'Contrary']",2.0,1.0,1.0,0.5,1.0,1.0,2.0,2.0,1.0,0.5,0.5,2.0,1.0,2.0,1.0,1.0,1.0,0.5,45,>=70,308,45.0,Grass Snake Pokémon,55,1M-1.25M,0.6,45,Tsutarjaツタージャ,Snivy,>50,495,45,55,63,8.1,5,False,False,True,False,False,False,False,False,False,False,False,False,False,False,False,False,False,False,True,5120
"['Swarm', 'Hustle', 'Truant']",0.5,1.0,0.5,1.0,0.5,1.0,4.0,1.0,1.0,0.25,1.0,0.5,0.5,0.0,0.5,1.0,0.5,1.0,109,>=70,484,90.0,Iron Ant Pokémon,112,1M-1.25M,0.3,58,Aiantアイアント,Durant,50,632,48,48,109,33.0,5,False,False,False,False,False,True,False,False,False,False,False,False,True,False,False,False,False,False,False,5120
"['Swift Swim', 'Rattled']",1.0,1.0,1.0,2.0,1.0,1.0,0.5,1.0,1.0,2.0,1.0,0.5,1.0,1.0,1.0,1.0,0.5,0.5,10,>=70,200,255.0,Fish Pokémon,55,>=1.25M,0.9,20,Koikingコイキング,Magikarp,50,129,15,20,80,10.0,1,False,True,False,False,False,False,False,False,False,False,False,False,False,False,False,False,False,False,True,<=3840
"['Own Tempo', 'Stamina', 'Inner Focus']",1.0,1.0,1.0,0.0,1.0,1.0,1.0,1.0,1.0,2.0,1.0,2.0,1.0,0.5,1.0,0.5,1.0,2.0,100,>=70,385,190.0,Donkey Pokémon,70,1M-1.25M,1.0,70,Dorobankoドロバンコ,Mudbray,50,749,45,55,45,110.0,7,False,False,False,False,True,False,False,False,False,False,False,False,False,False,False,False,False,False,True,5120
['Levitate'],0.5,2.0,1.0,1.0,1.0,0.0,1.0,1.0,2.0,1.0,1.0,1.0,0.0,0.5,1.0,1.0,1.0,1.0,60,<70,435,45.0,Screech Pokémon,60,<1M,0.7,60,Mumaムウマ,Misdreavus,50,200,85,85,85,1.0,2,False,False,False,False,False,False,False,False,False,False,False,False,False,False,False,True,False,False,True,6400
"['Sturdy', 'Overcoat']",1.0,1.0,1.0,1.0,1.0,0.5,2.0,2.0,1.0,0.5,0.5,1.0,1.0,1.0,1.0,2.0,1.0,1.0,65,>=70,290,190.0,Bagworm Pokémon,90,1M-1.25M,0.6,50,Kunugidamaクヌギダマ,Pineco,50,204,35,35,15,7.2,2,False,False,False,False,False,True,False,False,False,False,False,False,False,False,False,False,False,False,True,5120
"['Chlorophyll', 'Own Tempo', 'Leaf Guard']",2.0,1.0,1.0,0.5,1.0,1.0,2.0,2.0,1.0,0.5,0.5,2.0,1.0,2.0,1.0,1.0,1.0,0.5,35,>=70,280,190.0,Bulb Pokémon,50,1M-1.25M,0.5,45,Churineチュリネ,Petilil,<50,548,70,50,30,6.6,5,False,False,True,False,False,False,False,False,False,False,False,False,False,False,False,False,False,False,True,5120
"['Run Away', 'Adaptability', 'Anticipation']",1.0,1.0,1.0,1.0,1.0,2.0,1.0,1.0,0.0,1.0,1.0,1.0,1.0,1.0,1.0,1.0,1.0,1.0,55,>=70,325,45.0,Evolution Pokémon,50,1M-1.25M,0.3,55,Eievuiイーブイ,Eevee,>50,133,45,65,55,6.5,1,False,False,False,False,False,False,True,False,False,False,False,False,False,False,False,False,False,False,True,>=7680
['Swarm'],1.0,1.0,1.0,1.0,1.0,0.5,2.0,2.0,1.0,0.5,0.5,1.0,1.0,1.0,1.0,2.0,1.0,1.0,62,>=70,300,255.0,Larva Pokémon,45,1M-1.25M,0.4,47,Agojimushiアゴジムシ,Grubbin,50,736,55,45,46,4.4,7,False,False,False,False,False,True,False,False,False,False,False,False,False,False,False,False,False,False,True,<=3840
"['Insomnia', 'Keen Eye', 'Tinted Lens']",0.5,1.0,1.0,2.0,1.0,1.0,1.0,1.0,0.0,0.5,0.0,2.0,1.0,1.0,1.0,2.0,1.0,1.0,30,>=70,262,255.0,Owl Pokémon,30,1M-1.25M,0.7,60,Hohoホーホー,Hoothoot,50,163,36,56,50,21.2,2,False,False,False,False,False,False,True,False,True,False,False,False,False,False,False,False,False,False,False,<=3840
"['Corrosion', 'Oblivious']",0.25,1.0,1.0,1.0,0.25,0.5,0.5,1.0,1.0,0.25,4.0,0.5,1.0,0.5,2.0,2.0,0.5,2.0,44,>=70,320,120.0,Toxic Lizard Pokémon,40,1M-1.25M,0.6,48,Yatoumoriヤトウモリ,Salandit,>50,757,71,40,77,4.8,7,True,False,False,False,False,False,False,False,False,True,False,False,False,False,False,False,False,False,False,5120
"['Reckless', 'Sap Sipper', 'Soundproof']",1.0,1.0,1.0,1.0,1.0,2.0,1.0,1.0,0.0,1.0,1.0,1.0,1.0,1.0,1.0,1.0,1.0,1.0,110,>=70,490,45.0,Bash Buffalo Pokémon,95,1M-1.25M,1.6,95,Buffronバッフロン,Bouffalant,50,626,40,95,55,94.6,5,False,False,False,False,False,False,True,False,False,False,False,False,False,False,False,False,False,False,True,5120
"['Blaze', 'Intimidate']",0.5,1.0,1.0,1.0,0.5,1.0,0.5,1.0,1.0,0.5,2.0,0.5,1.0,1.0,1.0,2.0,0.5,2.0,65,>=70,320,45.0,Fire Cat Pokémon,40,1M-1.25M,0.4,45,Nyabbyニャビー,Litten,>50,725,60,40,70,4.3,7,True,False,False,False,False,False,False,False,False,False,False,False,False,False,False,False,False,False,True,<=3840
"['Fluffy', 'Klutz', 'Cute Charm']",0.5,0.5,1.0,1.0,2.0,2.0,1.0,2.0,0.0,1.0,1.0,1.0,1.0,1.0,2.0,0.5,1.0,1.0,75,>=70,340,140.0,Flailing Pokémon,50,1M-1.25M,0.5,70,Nuikogumaヌイコグマ,Stufful,50,759,45,50,50,6.8,7,False,False,False,False,False,False,True,False,False,False,True,False,False,False,False,False,False,False,False,<=3840
"['Merciless', 'Limber', 'Regenerator']",0.5,1.0,1.0,2.0,0.5,0.5,0.5,1.0,1.0,1.0,2.0,0.5,1.0,0.5,2.0,1.0,0.5,0.5,53,>=70,305,190.0,Brutal Star Pokémon,62,1M-1.25M,0.4,50,Hidoideヒドイデ,Mareanie,50,747,43,52,45,8.0,7,False,True,False,False,False,False,False,False,False,True,False,False,False,False,False,False,False,False,False,5120
['Defeatist'],0.5,1.0,1.0,2.0,1.0,1.0,0.5,0.5,1.0,1.0,0.0,2.0,0.5,0.5,1.0,2.0,2.0,2.0,112,>=70,401,45.0,First Bird Pokémon,45,1M-1.25M,0.5,55,Archenアーケン,Archen,>50,566,74,45,70,9.5,5,False,False,False,False,False,False,False,False,True,False,False,True,False,False,False,False,False,False,False,>=7680
"['Dazzling', 'Strong Jaw', 'Wonder Skin ']",2.0,2.0,1.0,2.0,1.0,0.5,0.5,1.0,2.0,2.0,1.0,0.5,1.0,1.0,0.5,1.0,0.5,0.5,105,>=70,475,80.0,Gnash Teeth Pokémon,70,1M-1.25M,0.9,68,Hagigishiriハギギシリ,Bruxish,50,779,70,70,92,19.0,7,False,True,False,False,False,False,False,False,False,False,False,False,False,False,False,False,False,True,False,<=3840
['Chlorophyll'],2.0,1.0,1.0,0.5,1.0,1.0,2.0,2.0,1.0,0.5,0.5,2.0,1.0,2.0,1.0,1.0,1.0,0.5,35,>=70,275,190.0,Cherry Pokémon,45,1M-1.25M,0.4,45,Cherinboチェリンボ,Cherubi,50,420,62,53,35,3.3,4,False,False,True,False,False,False,False,False,False,False,False,False,False,False,False,False,False,False,True,5120
"['Suction Cups', 'Storm Drain']",2.0,1.0,1.0,0.5,1.0,2.0,1.0,1.0,1.0,1.0,1.0,2.0,0.5,1.0,1.0,1.0,2.0,1.0,41,>=70,355,45.0,Sea Lily Pokémon,77,<1M,1.0,66,Lilylaリリーラ,Lileep,>50,345,61,87,23,23.8,3,False,False,True,False,False,False,False,False,False,False,False,True,False,False,False,False,False,False,False,>=7680
"['Shed Skin', 'Run Away']",1.0,1.0,1.0,1.0,1.0,0.5,2.0,2.0,1.0,0.5,0.5,1.0,1.0,1.0,1.0,2.0,1.0,1.0,25,>=70,194,255.0,Cricket Pokémon,41,1M-1.25M,0.3,37,Korobohshiコロボーシ,Kricketot,50,401,25,41,25,2.2,4,False,False,False,False,False,True,False,False,False,False,False,False,False,False,False,False,False,False,True,<=3840
"['Poison Point', 'Swarm', 'Speed Boost']",0.5,1.0,1.0,1.0,0.5,0.25,2.0,2.0,1.0,0.25,1.0,1.0,1.0,0.5,2.0,2.0,1.0,1.0,45,>=70,260,255.0,Centipede Pokémon,59,1M-1.25M,0.4,30,Fushideフシデ,Venipede,50,543,30,39,57,5.3,5,False,False,False,False,False,True,False,False,False,True,False,False,False,False,False,False,False,False,False,<=3840
"['Keen Eye', 'Skill Link', 'Pickup']",0.5,1.0,1.0,2.0,1.0,1.0,1.0,1.0,0.0,0.5,0.0,2.0,1.0,1.0,1.0,2.0,1.0,1.0,75,>=70,265,255.0,Woodpecker Pokémon,30,1M-1.25M,0.3,35,Tsutsukeraツツケラ,Pikipek,50,731,30,30,65,1.2,7,False,False,False,False,False,False,True,False,True,False,False,False,False,False,False,False,False,False,False,<=3840
"['Limber', 'Own Tempo', 'Keen Eye']",1.0,1.0,1.0,1.0,1.0,2.0,1.0,1.0,0.0,1.0,1.0,1.0,1.0,1.0,1.0,1.0,1.0,1.0,55,>=70,310,190.0,Catty Pokémon,42,<1M,0.5,49,Nyarmarニャルマー,Glameow,<50,431,42,37,85,3.9,4,False,False,False,False,False,False,True,False,False,False,False,False,False,False,False,False,False,False,True,5120
['Comatose'],1.0,1.0,1.0,1.0,1.0,2.0,1.0,1.0,0.0,1.0,1.0,1.0,1.0,1.0,1.0,1.0,1.0,1.0,115,>=70,480,45.0,Drowsing Pokémon,65,>=1.25M,0.4,65,Nekkoaraネッコアラ,Komala,50,775,75,95,65,19.9,7,False,False,False,False,False,False,True,False,False,False,False,False,False,False,False,False,False,False,True,5120
"['Soundproof', 'Static', 'Aftermath']",1.0,1.0,1.0,0.5,1.0,1.0,1.0,0.5,1.0,1.0,2.0,1.0,1.0,1.0,1.0,1.0,0.5,1.0,30,>=70,330,190.0,Ball Pokémon,50,1M-1.25M,0.5,40,Biriridamaビリリダマ,Voltorb,agender,100,55,55,100,10.4,1,False,False,False,True,False,False,False,False,False,False,False,False,False,False,False,False,False,False,True,5120
"['Serene Grace', 'Run Away', 'Rattled']",1.0,1.0,1.0,1.0,1.0,2.0,1.0,1.0,0.0,1.0,1.0,1.0,1.0,1.0,1.0,1.0,1.0,1.0,70,>=70,415,190.0,Land Snake Pokémon,70,1M-1.25M,1.5,100,Nokocchiノコッチ,Dunsparce,50,206,65,65,45,14.0,2,False,False,False,False,False,False,True,False,False,False,False,False,False,False,False,False,False,False,True,5120
"['Oblivious', 'Tinted Lens', 'Prankster']",1.0,1.0,1.0,1.0,1.0,0.5,2.0,2.0,1.0,0.5,0.5,1.0,1.0,1.0,1.0,2.0,1.0,1.0,47,>=70,430,150.0,Firefly Pokémon,75,>=1.25M,0.6,65,Illumiseイルミーゼ,Illumise,<50,314,73,85,85,17.7,3,False,False,False,False,False,True,False,False,False,False,False,False,False,False,False,False,False,False,True,<=3840
"['Hustle', 'Sniper', 'Moody']",1.0,1.0,1.0,2.0,1.0,1.0,0.5,1.0,1.0,2.0,1.0,0.5,1.0,1.0,1.0,1.0,0.5,0.5,65,>=70,300,190.0,Jet Pokémon,35,1M-1.25M,0.6,35,Teppouoテッポウオ,Remoraid,50,223,65,35,65,12.0,2,False,True,False,False,False,False,False,False,False,False,False,False,False,False,False,False,False,False,True,5120
['Levitate'],2.0,2.0,1.0,1.0,1.0,0.5,1.0,1.0,2.0,1.0,1.0,1.0,1.0,1.0,0.5,1.0,1.0,1.0,30,>=70,285,120.0,Bell Pokémon,50,<1M,0.2,45,Lisyanリーシャン,Chingling,50,433,65,50,45,0.6,4,False,False,False,False,False,False,False,False,False,False,False,False,False,False,False,False,False,True,True,6400
['Dancer'],0.25,1.0,1.0,2.0,0.5,0.5,0.5,1.0,1.0,0.25,0.0,1.0,1.0,1.0,1.0,4.0,0.5,2.0,70,>=70,476,45.0,Dancing Pokémon,70,1M-1.25M,0.6,75,Odoridori (pachipachi Style)オドリドリ,Oricorio,<50,741,98,70,93,3.4,7,True,False,False,False,False,False,False,False,True,False,False,False,False,False,False,False,False,False,False,5120
['Illusion'],2.0,0.5,1.0,1.0,2.0,2.0,1.0,1.0,0.5,1.0,1.0,1.0,1.0,1.0,0.0,1.0,1.0,1.0,65,>=70,330,75.0,Tricky Fox Pokémon,40,1M-1.25M,0.7,40,Zoruaゾロア,Zorua,>50,570,80,40,65,12.5,5,False,False,False,False,False,False,False,False,False,False,False,False,False,False,True,False,False,False,True,6400
"['Clear Body', 'Sturdy']",0.5,0.5,0.0,1.0,1.0,1.0,0.5,0.5,1.0,2.0,2.0,1.0,0.5,1.0,1.0,1.0,4.0,2.0,50,>=70,500,60.0,Jewel Pokémon,150,>=1.25M,0.3,50,Melecieメレシー,Carbink,agender,703,50,150,50,5.7,6,False,False,False,False,False,False,False,False,False,False,False,True,False,True,False,False,False,False,False,6400
"['Swift Swim', 'Rock Head', 'Sturdy']",1.0,1.0,1.0,2.0,1.0,2.0,0.25,0.5,1.0,4.0,2.0,0.5,0.5,0.5,1.0,1.0,1.0,1.0,90,>=70,485,25.0,Longevity Pokémon,130,>=1.25M,1.0,100,Glanthジーランス,Relicanth,>50,369,45,65,55,23.4,3,False,True,False,False,False,False,False,False,False,False,False,True,False,False,False,False,False,False,False,>=7680
"['Volt Absorb', 'Illuminate', 'Water Absorb']",1.0,1.0,1.0,1.0,1.0,1.0,0.5,0.5,1.0,2.0,2.0,0.5,1.0,1.0,1.0,1.0,0.25,0.5,38,>=70,330,190.0,Angler Pokémon,38,>=1.25M,0.5,75,Chonchieチョンチー,Chinchou,50,170,56,56,67,12.0,2,False,True,False,True,False,False,False,False,False,False,False,False,False,False,False,False,False,False,False,5120
"['Pickup', 'Gluttony', 'Quick Feet']",1.0,1.0,1.0,1.0,1.0,2.0,1.0,1.0,0.0,1.0,1.0,1.0,1.0,1.0,1.0,1.0,1.0,1.0,30,>=70,240,255.0,Tiny Racoon Pokémon,41,1M-1.25M,0.4,38,Jiguzagumaジグザグマ,Zigzagoon,50,263,30,41,60,17.5,3,False,False,False,False,False,False,True,False,False,False,False,False,False,False,False,False,False,False,True,<=3840
"['Hustle', 'Serene Grace', 'Super Luck']",0.5,0.5,0.0,1.0,1.0,0.5,1.0,1.0,1.0,1.0,1.0,1.0,1.0,2.0,1.0,1.0,2.0,1.0,20,>=70,245,190.0,Spike Ball Pokémon,65,<1M,0.3,35,Togepyトゲピー,Togepi,>50,175,40,65,20,1.5,2,False,False,False,False,False,False,False,False,False,False,False,False,False,True,False,False,False,False,True,<=3840
"['Defiant', 'Inner Focus', 'Pressure']",1.0,0.5,0.5,1.0,1.0,4.0,2.0,0.5,0.5,0.5,2.0,0.5,0.5,0.0,0.0,0.5,0.5,1.0,85,<70,340,120.0,Sharp Blade Pokémon,70,1M-1.25M,0.5,45,Komatanaコマタナ,Pawniard,50,624,40,40,60,10.2,5,False,False,False,False,False,False,False,False,False,False,False,False,True,False,True,False,False,False,False,5120
"['Prankster', 'Magician']",0.25,0.5,0.0,1.0,0.5,1.0,2.0,0.5,1.0,0.5,2.0,0.5,0.5,0.0,0.5,0.5,1.0,1.0,80,>=70,470,75.0,Key Ring Pokémon,91,<1M,0.2,57,Cleffyクレッフィ,Klefki,50,707,80,87,75,3.0,6,False,False,False,False,False,False,False,False,False,False,False,False,True,True,False,False,False,False,False,5120
"['Rock Head', 'Lightningrod', 'Battle Armor']",1.0,1.0,1.0,0.0,1.0,1.0,1.0,1.0,1.0,2.0,1.0,2.0,1.0,0.5,1.0,0.5,1.0,2.0,50,>=70,320,190.0,Lonely Pokémon,95,1M-1.25M,0.4,50,Karakaraカラカラ,Cubone,50,104,40,50,35,6.5,1,False,False,False,False,True,False,False,False,False,False,False,False,False,False,False,False,False,False,True,5120
"['Pickup', 'Thick Fat', 'Gluttony']",1.0,1.0,1.0,1.0,1.0,2.0,1.0,1.0,0.0,1.0,1.0,1.0,1.0,1.0,1.0,1.0,1.0,1.0,85,>=70,390,50.0,Big Eater Pokémon,40,>=1.25M,0.6,135,Gonbeゴンベ,Munchlax,>50,446,40,85,5,105.0,4,False,False,False,False,False,False,True,False,False,False,False,False,False,False,False,False,False,False,True,>=7680
"['Thick Fat', 'Hydration', 'Ice Body']",1.0,1.0,1.0,2.0,1.0,1.0,0.5,1.0,1.0,2.0,1.0,0.5,1.0,1.0,1.0,1.0,0.5,0.5,45,>=70,325,190.0,Sea Lion Pokémon,55,1M-1.25M,1.1,65,Pawouパウワウ,Seel,50,86,45,70,45,90.0,1,False,True,False,False,False,False,False,False,False,False,False,False,False,False,False,False,False,False,True,5120
"['Sand Stream', 'Sand Force']",1.0,1.0,1.0,0.0,1.0,1.0,1.0,1.0,1.0,2.0,1.0,2.0,1.0,0.5,1.0,0.5,1.0,2.0,72,>=70,330,140.0,Hippo Pokémon,78,>=1.25M,0.8,68,Hippopotasヒポポタス,Hippopotas,50,449,38,42,32,49.5,4,False,False,False,False,True,False,False,False,False,False,False,False,False,False,False,False,False,False,True,>=7680
"['Bulletproof', 'Soundproof', 'Overcoat']",1.0,1.0,2.0,0.5,2.0,1.0,0.5,1.0,1.0,0.5,1.0,2.0,1.0,1.0,1.0,1.0,1.0,0.5,55,>=70,300,45.0,Scaly Pokémon,65,>=1.25M,0.6,45,Jyarakoジャラコ,Jangmo-o,50,782,45,45,45,29.7,7,False,False,False,False,False,False,False,False,False,False,False,False,False,False,False,False,True,False,True,>=7680
"['Thick Fat', 'Ice Body', 'Oblivious']",1.0,1.0,1.0,2.0,1.0,2.0,1.0,1.0,1.0,2.0,1.0,0.25,1.0,1.0,1.0,2.0,1.0,0.5,40,>=70,290,255.0,Clap Pokémon,50,1M-1.25M,0.8,70,Tamazarashiタマザラシ,Spheal,50,363,55,50,25,39.5,3,False,True,False,False,False,False,False,True,False,False,False,False,False,False,False,False,False,False,False,5120
"['Sturdy', 'Shell Armor', 'Weak Armor']",1.0,1.0,1.0,1.0,1.0,1.0,1.0,1.0,1.0,1.0,1.0,1.0,0.5,0.5,1.0,2.0,2.0,2.0,65,>=70,325,190.0,Rock Inn Pokémon,85,1M-1.25M,0.3,50,Ishizumaiイシズマイ,Dwebble,50,557,35,35,55,14.5,5,False,False,False,False,False,True,False,False,False,False,False,True,False,False,False,False,False,False,False,5120
"['Poison Point', 'Poison Touch', 'Adaptability']",0.5,1.0,1.0,2.0,0.5,0.5,0.5,1.0,1.0,1.0,2.0,0.5,1.0,0.5,2.0,1.0,0.5,0.5,60,>=70,320,225.0,Mock Kelp Pokémon,60,1M-1.25M,0.5,50,Kuzumoクズモー,Skrelp,50,690,60,60,30,7.3,6,False,True,False,False,False,False,False,False,False,True,False,False,False,False,False,False,False,False,False,5120
"['Hyper Cutter', 'Mold Breaker', 'Moxie']",1.0,1.0,1.0,1.0,1.0,0.5,2.0,2.0,1.0,0.5,0.5,1.0,1.0,1.0,1.0,2.0,1.0,1.0,155,>=70,600,45.0,Stagbeetle Pokémon,120,>=1.25M,1.5,65,Kailiosカイロス,Pinsir,50,127,65,90,105,55.0,1,False,False,False,False,False,True,False,False,False,False,False,False,False,False,False,False,False,False,True,6400
"['Pressure', 'Super Luck', 'Justified']",2.0,0.5,1.0,1.0,2.0,2.0,1.0,1.0,0.5,1.0,1.0,1.0,1.0,1.0,0.0,1.0,1.0,1.0,150,<70,565,30.0,Disaster Pokémon,60,1M-1.25M,1.2,65,Absolアブソル,Absol,50,359,115,60,115,47.0,3,False,False,False,False,False,False,False,False,False,False,False,False,False,False,True,False,False,False,True,6400
"['Blaze', 'Flash Fire']",0.5,1.0,1.0,1.0,0.5,1.0,0.5,1.0,1.0,0.5,2.0,0.5,1.0,1.0,1.0,2.0,0.5,2.0,52,>=70,309,45.0,Fire Mouse Pokémon,43,1M-1.25M,0.5,39,Hinoarashiヒノアラシ,Cyndaquil,>50,155,60,50,65,7.9,2,True,False,False,False,False,False,False,False,False,False,False,False,False,False,False,False,False,False,True,5120
"['Water Compaction', 'Sand Veil']",0.5,2.0,1.0,0.0,1.0,0.0,1.0,1.0,2.0,2.0,1.0,2.0,0.0,0.25,1.0,0.5,1.0,2.0,55,>=70,320,140.0,Sand Heap Pokémon,80,1M-1.25M,0.5,55,Sunabaスナバァ,Sandygast,50,769,70,45,15,70.0,7,False,False,False,False,True,False,False,False,False,False,False,False,False,False,False,True,False,False,False,<=3840
"['Vital Spirit', 'Hustle', 'Insomnia']",0.5,1.0,1.0,2.0,1.0,1.0,2.0,1.0,1.0,0.5,0.0,1.0,1.0,1.0,1.0,4.0,2.0,1.0,55,>=70,330,45.0,Delivery Pokémon,45,<1M,0.9,45,Delibirdデリバード,Delibird,50,225,65,45,75,16.0,2,False,False,False,False,False,False,False,True,True,False,False,False,False,False,False,False,False,False,False,5120
"['Healer', 'Aroma Veil']",0.5,0.5,0.0,1.0,1.0,0.5,1.0,1.0,1.0,1.0,1.0,1.0,1.0,2.0,1.0,1.0,2.0,1.0,52,>=70,341,200.0,Perfume Pokémon,60,1M-1.25M,0.2,78,Shushupuシュシュプ,Spritzee,50,682,63,65,23,0.5,6,False,False,False,False,False,False,False,False,False,False,False,False,False,True,False,False,False,False,True,5120
"['Run Away', 'Quick Feet', 'Rattled']",2.0,0.5,1.0,1.0,2.0,2.0,1.0,1.0,0.5,1.0,1.0,1.0,1.0,1.0,0.0,1.0,1.0,1.0,55,>=70,220,255.0,Bite Pokémon,35,1M-1.25M,0.5,35,Pochienaポチエナ,Poochyena,50,261,30,30,35,13.6,3,False,False,False,False,False,False,False,False,False,False,False,False,False,False,True,False,False,False,True,<=3840
"['Strong Jaw', 'Sturdy']",1.0,1.0,2.0,0.5,2.0,2.0,0.25,0.5,1.0,1.0,2.0,2.0,0.5,0.5,1.0,1.0,2.0,1.0,89,>=70,362,45.0,Royal Heir Pokémon,77,1M-1.25M,0.8,58,Chigorasチゴラス,Tyrunt,>50,696,45,45,48,26.0,6,False,False,False,False,False,False,False,False,False,False,False,True,False,False,False,False,True,False,False,>=7680
"['Overgrow', 'Leaf Guard']",2.0,1.0,1.0,0.5,1.0,1.0,2.0,2.0,1.0,0.5,0.5,2.0,1.0,2.0,1.0,1.0,1.0,0.5,49,>=70,318,45.0,Leaf Pokémon,65,1M-1.25M,0.9,45,Chicoritaチコリータ,Chikorita,>50,152,49,65,45,6.4,2,False,False,True,False,False,False,False,False,False,False,False,False,False,False,False,False,False,False,True,5120
"['Sand Veil', 'Sand Rush', 'Snow Cloak', 'Slush Rush']",1.0,1.0,1.0,0.0,1.0,1.0,1.0,1.0,1.0,2.0,1.0,2.0,1.0,0.5,1.0,0.5,1.0,2.0,75,>=70,300,255.0,Mouse Pokémon,90,1M-1.25M,0.6,50,Sandサンド,Sandshrew,50,27,10,35,40,12.0,1,False,False,False,False,True,False,False,True,False,False,False,False,False,False,False,False,False,False,False,5120
"['Shed Skin', 'Marvel Scale']",1.0,1.0,2.0,0.5,2.0,1.0,0.5,1.0,1.0,0.5,1.0,2.0,1.0,1.0,1.0,1.0,1.0,0.5,64,<70,300,45.0,Dragon Pokémon,45,>=1.25M,1.8,41,Miniryuミニリュウ,Dratini,50,147,50,50,50,3.3,1,False,False,False,False,False,False,False,False,False,False,False,False,False,False,False,False,True,False,True,>=7680
['Disguise'],0.25,1.0,0.0,1.0,1.0,0.0,1.0,1.0,2.0,1.0,1.0,1.0,0.0,1.0,1.0,1.0,2.0,1.0,90,>=70,476,45.0,Disguise Pokémon,80,1M-1.25M,0.2,55,Mimikkyuミミッキュ,Mimikyu,50,778,50,105,96,0.7,7,False,False,False,False,False,False,False,False,False,False,False,False,False,True,False,True,False,False,False,5120
"['Own Tempo', 'Tangled Feet', 'Contrary']",1.0,1.0,1.0,1.0,1.0,2.0,1.0,1.0,0.0,1.0,1.0,1.0,1.0,1.0,1.0,1.0,1.0,1.0,60,>=70,360,255.0,Spot Panda Pokémon,60,<1M,1.1,60,Patcheelパッチール,Spinda,50,327,60,60,60,5.0,3,False,False,False,False,False,False,True,False,False,False,False,False,False,False,False,False,False,False,True,<=3840
"['Hyper Cutter', 'Arena Trap', 'Sheer Force']",1.0,1.0,1.0,0.0,1.0,1.0,1.0,1.0,1.0,2.0,1.0,2.0,1.0,0.5,1.0,0.5,1.0,2.0,100,>=70,290,255.0,Ant Pit Pokémon,45,1M-1.25M,0.7,45,Nuckrarナックラー,Trapinch,50,328,45,45,10,15.0,3,False,False,False,False,True,False,False,False,False,False,False,False,False,False,False,False,False,False,True,5120
"['Rough Skin', 'Sheer Force', 'Mold Breaker']",1.0,1.0,2.0,0.5,2.0,1.0,0.5,1.0,1.0,0.5,1.0,2.0,1.0,1.0,1.0,1.0,1.0,0.5,120,>=70,485,45.0,Cave Pokémon,90,1M-1.25M,1.6,77,Crimganクリムガン,Druddigon,50,621,60,90,48,139.0,5,False,False,False,False,False,False,False,False,False,False,False,False,False,False,False,False,True,False,True,>=7680
"['Chlorophyll', 'Solar Power', 'Harvest']",1.0,1.0,1.0,1.0,1.0,0.5,2.0,2.0,1.0,0.25,0.0,4.0,1.0,2.0,1.0,2.0,1.0,0.5,68,>=70,460,200.0,Fruit Pokémon,83,>=1.25M,2.0,99,Tropiusトロピウス,Tropius,50,357,72,87,51,100.0,3,False,False,True,False,False,False,False,False,True,False,False,False,False,False,False,False,False,False,False,6400
"['Anticipation', 'Dry Skin', 'Poison Touch']",0.25,0.5,1.0,1.0,1.0,0.5,1.0,2.0,1.0,0.5,2.0,1.0,1.0,0.5,4.0,0.5,1.0,1.0,61,>=70,300,140.0,Toxic Mouth Pokémon,40,1M-1.25M,0.7,48,Gureggruグレッグル,Croagunk,50,453,61,40,50,23.0,4,False,False,False,False,False,False,False,False,False,True,True,False,False,False,False,False,False,False,False,<=3840
"['Shield Dust', 'Compoundeyes', 'Friend Guard']",1.0,1.0,1.0,1.0,1.0,0.5,2.0,2.0,1.0,0.5,0.5,1.0,1.0,1.0,1.0,2.0,1.0,1.0,35,>=70,200,255.0,Scatterdust Pokémon,40,1M-1.25M,0.3,38,Kofukimushiコフキムシ,Scatterbug,50,664,27,25,35,2.5,6,False,False,False,False,False,True,False,False,False,False,False,False,False,False,False,False,False,False,True,<=3840
"['Receiver', 'Defiant']",0.5,0.5,1.0,1.0,2.0,1.0,1.0,2.0,1.0,1.0,1.0,1.0,1.0,1.0,2.0,0.5,1.0,1.0,120,>=70,490,45.0,Teamwork Pokémon,90,>=1.25M,2.0,100,Nagetukesaruナゲツケサル,Passimian,50,766,40,60,80,82.8,7,False,False,False,False,False,False,False,False,False,False,True,False,False,False,False,False,False,False,True,5120
"['Berserk', 'Sap Sipper', 'Cloud Nine']",1.0,1.0,2.0,0.5,2.0,2.0,0.5,1.0,0.0,0.5,1.0,2.0,1.0,1.0,1.0,1.0,1.0,0.5,60,>=70,485,70.0,Placid Pokémon,85,1M-1.25M,3.0,78,Jijilongジジーロン,Drampa,50,780,135,91,36,185.0,7,False,False,False,False,False,False,True,False,False,False,False,False,False,False,False,False,True,False,False,5120
"['Early Bird', 'Scrappy', 'Inner Focus']",1.0,1.0,1.0,1.0,1.0,2.0,1.0,1.0,0.0,1.0,1.0,1.0,1.0,1.0,1.0,1.0,1.0,1.0,125,>=70,590,45.0,Parent Pokémon,100,1M-1.25M,2.2,105,Garuraガルーラ,Kangaskhan,<50,115,60,100,100,80.0,1,False,False,False,False,False,False,True,False,False,False,False,False,False,False,False,False,False,False,True,5120
"['Compoundeyes', 'Tinted Lens', 'Run Away']",0.5,1.0,1.0,1.0,0.5,0.25,2.0,2.0,1.0,0.25,1.0,1.0,1.0,0.5,2.0,2.0,1.0,1.0,55,>=70,305,190.0,Insect Pokémon,50,1M-1.25M,1.0,60,Kongpangコンパン,Venonat,50,48,40,55,45,30.0,1,False,False,False,False,False,True,False,False,False,True,False,False,False,False,False,False,False,False,False,5120
"['Plus', 'Minus', 'Clear Body']",0.5,1.0,0.5,1.0,0.5,2.0,2.0,0.5,1.0,0.5,2.0,0.5,0.5,0.0,0.5,0.5,0.5,1.0,55,>=70,300,130.0,Gear Pokémon,70,1M-1.25M,0.3,40,Giaruギアル,Klink,agender,599,45,60,30,21.0,5,False,False,False,False,False,False,False,False,False,False,False,False,True,False,False,False,False,False,True,5120
"['Big Pecks', 'Super Luck', 'Rivalry']",0.5,1.0,1.0,2.0,1.0,1.0,1.0,1.0,0.0,0.5,0.0,2.0,1.0,1.0,1.0,2.0,1.0,1.0,55,>=70,264,255.0,Tiny Pigeon Pokémon,50,1M-1.25M,0.3,50,Mamepatoマメパト,Pidove,50,519,36,30,43,2.1,5,False,False,False,False,False,False,True,False,True,False,False,False,False,False,False,False,False,False,False,<=3840
"['Thick Fat', 'Huge Power', 'Sap Sipper']",0.5,0.5,0.0,1.0,1.0,1.0,1.0,1.0,0.0,1.0,1.0,1.0,1.0,2.0,1.0,1.0,2.0,1.0,20,>=70,190,150.0,Polka Dot Pokémon,40,<1M,0.2,50,Ruririルリリ,Azurill,<50,298,20,40,20,2.0,3,False,False,False,False,False,False,True,False,False,False,False,False,False,True,False,False,False,False,False,<=3840
['Levitate'],1.0,1.0,1.0,1.0,1.0,2.0,2.0,1.0,1.0,1.0,1.0,0.5,1.0,1.0,1.0,2.0,2.0,1.0,50,>=70,515,25.0,Crystallizing Pokémon,50,1M-1.25M,1.1,80,Freegeoフリージオ,Cryogonal,agender,615,95,135,105,148.0,5,False,False,False,False,False,False,False,True,False,False,False,False,False,False,False,False,False,False,True,6400
"['Chlorophyll', 'Run Away']",1.0,1.0,1.0,0.5,0.5,0.5,2.0,2.0,1.0,0.25,1.0,2.0,1.0,1.0,2.0,1.0,1.0,0.5,50,>=70,320,255.0,Weed Pokémon,55,1M-1.25M,0.5,45,Nazonokusaナゾノクサ,Oddish,50,43,75,65,30,5.4,1,False,False,True,False,False,False,False,False,False,True,False,False,False,False,False,False,False,False,False,5120
"['Limber', 'Unburden', 'Prankster']",2.0,0.5,1.0,1.0,2.0,2.0,1.0,1.0,0.5,1.0,1.0,1.0,1.0,1.0,0.0,1.0,1.0,1.0,50,>=70,281,255.0,Devious Pokémon,37,1M-1.25M,0.4,41,Choronekoチョロネコ,Purrloin,50,509,50,37,66,10.1,5,False,False,False,False,False,False,False,False,False,False,False,False,False,False,True,False,False,False,True,5120
"['Overgrow', 'Bulletproof']",2.0,1.0,1.0,0.5,1.0,1.0,2.0,2.0,1.0,0.5,0.5,2.0,1.0,2.0,1.0,1.0,1.0,0.5,61,>=70,313,45.0,Spiky Nut Pokémon,65,1M-1.25M,0.4,56,Harimaronハリマロン,Chespin,>50,650,48,45,38,9.0,6,False,False,True,False,False,False,False,False,False,False,False,False,False,False,False,False,False,False,True,5120
"['Magnet Pull', 'Sturdy', 'Analytic']",0.5,1.0,0.5,0.5,0.5,2.0,2.0,0.25,1.0,0.5,4.0,0.5,0.5,0.0,0.5,0.5,0.25,1.0,35,>=70,325,190.0,Magnet Pokémon,70,1M-1.25M,0.3,25,Coilコイル,Magnemite,agender,81,95,55,45,6.0,1,False,False,False,True,False,False,False,False,False,False,False,False,True,False,False,False,False,False,False,5120
['Wimp Out'],1.0,1.0,1.0,2.0,1.0,0.5,1.0,2.0,1.0,1.0,0.5,0.5,1.0,1.0,1.0,2.0,0.5,0.5,35,>=70,230,90.0,Turn Tail Pokémon,40,1M-1.25M,0.5,25,Kosokumushiコソクムシ,Wimpod,50,767,20,30,80,12.0,7,False,True,False,False,False,True,False,False,False,False,False,False,False,False,False,False,False,False,False,5120
"['Vital Spirit', 'Pickup', 'Run Away']",1.0,1.0,1.0,1.0,1.0,2.0,1.0,1.0,0.0,1.0,1.0,1.0,1.0,1.0,1.0,1.0,1.0,1.0,60,>=70,275,255.0,Puppy Pokémon,45,1M-1.25M,0.4,45,Yorterrieヨーテリー,Lillipup,50,506,25,45,55,4.1,5,False,False,False,False,False,False,True,False,False,False,False,False,False,False,False,False,False,False,True,<=3840
"['Damp', 'Water Absorb', 'Unaware']",1.0,1.0,1.0,0.0,1.0,1.0,0.5,1.0,1.0,4.0,1.0,1.0,1.0,0.5,1.0,0.5,0.5,1.0,45,>=70,210,255.0,Water Fish Pokémon,45,1M-1.25M,0.4,55,Upahウパー,Wooper,50,194,25,25,15,8.5,2,False,True,False,False,True,False,False,False,False,False,False,False,False,False,False,False,False,False,False,5120
"['Sturdy', 'Rock Head', 'Rattled']",1.0,1.0,1.0,1.0,1.0,2.0,0.5,0.5,1.0,2.0,2.0,1.0,0.5,0.5,1.0,1.0,2.0,2.0,100,>=70,410,65.0,Imitation Pokémon,115,1M-1.25M,1.2,70,Usokkieウソッキー,Sudowoodo,50,185,30,65,30,38.0,2,False,False,False,False,False,False,False,False,False,False,False,True,False,False,False,False,False,False,True,5120
"['Swift Swim', 'Water Veil']",1.0,1.0,1.0,2.0,1.0,1.0,0.5,1.0,1.0,2.0,1.0,0.5,1.0,1.0,1.0,1.0,0.5,0.5,65,>=70,330,190.0,Sea Weasel Pokémon,35,1M-1.25M,0.7,55,Buoyselブイゼル,Buizel,50,418,60,30,85,29.5,4,False,True,False,False,False,False,False,False,False,False,False,False,False,False,False,False,False,False,True,5120
"['Blaze', 'Solar Power']",0.5,1.0,1.0,1.0,0.5,1.0,0.5,1.0,1.0,0.5,2.0,0.5,1.0,1.0,1.0,2.0,0.5,2.0,52,>=70,309,45.0,Lizard Pokémon,43,1M-1.25M,0.6,39,Hitokageヒトカゲ,Charmander,>50,4,60,50,65,8.5,1,True,False,False,False,False,False,False,False,False,False,False,False,False,False,False,False,False,False,True,5120
"['Shadow Tag', 'Telepathy']",2.0,2.0,1.0,1.0,1.0,0.5,1.0,1.0,2.0,1.0,1.0,1.0,1.0,1.0,0.5,1.0,1.0,1.0,23,>=70,260,125.0,Bright Pokémon,48,1M-1.25M,0.6,95,Sohnanoソーナノ,Wynaut,50,360,23,48,23,14.0,3,False,False,False,False,False,False,False,False,False,False,False,False,False,False,False,False,False,True,True,5120
"['Blaze', 'Speed Boost']",0.5,1.0,1.0,1.0,0.5,1.0,0.5,1.0,1.0,0.5,2.0,0.5,1.0,1.0,1.0,2.0,0.5,2.0,60,>=70,310,45.0,Chick Pokémon,40,1M-1.25M,0.4,45,Achamoアチャモ,Torchic,>50,255,70,50,45,2.5,3,True,False,False,False,False,False,False,False,False,False,False,False,False,False,False,False,False,False,True,5120
['Mummy'],0.5,2.0,1.0,1.0,1.0,0.0,1.0,1.0,2.0,1.0,1.0,1.0,0.0,0.5,1.0,1.0,1.0,1.0,30,>=70,303,190.0,Spirit Pokémon,85,1M-1.25M,0.5,38,Desumasuデスマス,Yamask,50,562,55,65,30,1.5,5,False,False,False,False,False,False,False,False,False,False,False,False,False,False,False,True,False,False,True,6400
"['Thick Fat', 'Guts', 'Sheer Force']",0.5,0.5,1.0,1.0,2.0,1.0,1.0,2.0,1.0,1.0,1.0,1.0,1.0,1.0,2.0,0.5,1.0,1.0,60,>=70,237,180.0,Guts Pokémon,30,>=1.25M,1.0,72,Makunoshitaマクノシタ,Makuhita,>50,296,20,30,25,86.4,3,False,False,False,False,False,False,False,False,False,False,True,False,False,False,False,False,False,False,True,5120
"['Hustle', 'Inner Focus']",0.5,1.0,1.0,1.0,0.5,1.0,0.5,1.0,1.0,0.5,2.0,0.5,1.0,1.0,1.0,2.0,0.5,2.0,90,>=70,315,120.0,Zen Charm Pokémon,45,1M-1.25M,0.6,70,Darumakkaダルマッカ,Darumaka,50,554,15,45,50,37.5,5,True,False,False,False,False,False,False,False,False,False,False,False,False,False,False,False,False,False,True,5120
"['Intimidate', 'Shed Skin', 'Unnerve']",0.5,1.0,1.0,1.0,0.5,0.5,1.0,1.0,1.0,0.5,2.0,1.0,1.0,0.5,2.0,1.0,1.0,1.0,60,>=70,288,255.0,Snake Pokémon,44,1M-1.25M,2.0,35,Arboアーボ,Ekans,50,23,40,54,55,6.9,1,False,False,False,False,False,False,False,False,False,True,False,False,False,False,False,False,False,False,True,5120
"['Pickup', 'Technician', 'Unnerve', 'Pickup', 'Technician', 'Rattled']",1.0,1.0,1.0,1.0,1.0,2.0,1.0,1.0,0.0,1.0,1.0,1.0,1.0,1.0,1.0,1.0,1.0,1.0,35,>=70,290,255.0,Scratch Cat Pokémon,35,1M-1.25M,0.4,40,Nyarthニャース,Meowth,50,52,50,40,90,4.2,1,False,False,False,False,False,False,True,False,False,False,False,False,False,False,True,False,False,False,False,5120
"['Big Pecks', 'Gale Wings']",0.5,1.0,1.0,2.0,1.0,1.0,1.0,1.0,0.0,0.5,0.0,2.0,1.0,1.0,1.0,2.0,1.0,1.0,50,>=70,278,255.0,Tiny Robin Pokémon,43,1M-1.25M,0.3,45,Yayakomaヤヤコマ,Fletchling,50,661,40,38,62,1.7,6,False,False,False,False,False,False,True,False,True,False,False,False,False,False,False,False,False,False,False,<=3840
"['Sweet Veil', 'Unburden']",0.5,0.5,0.0,1.0,1.0,0.5,1.0,1.0,1.0,1.0,1.0,1.0,1.0,2.0,1.0,1.0,2.0,1.0,48,>=70,341,200.0,Cotton Candy Pokémon,66,1M-1.25M,0.4,62,Peroppafuペロッパフ,Swirlix,50,684,59,57,49,3.5,6,False,False,False,False,False,False,False,False,False,False,False,False,False,True,False,False,False,False,True,5120
"['Effect Spore', 'Poison Heal', 'Quick Feet']",2.0,1.0,1.0,0.5,1.0,1.0,2.0,2.0,1.0,0.5,0.5,2.0,1.0,2.0,1.0,1.0,1.0,0.5,40,>=70,295,255.0,Mushroom Pokémon,60,>=1.25M,0.4,60,Kinococoキノココ,Shroomish,50,285,40,60,35,4.5,3,False,False,True,False,False,False,False,False,False,False,False,False,False,False,False,False,False,False,True,<=3840
"['Natural Cure', 'Poison Point', 'Leaf Guard']",1.0,1.0,1.0,0.5,0.5,0.5,2.0,2.0,1.0,0.25,1.0,2.0,1.0,1.0,2.0,1.0,1.0,0.5,30,>=70,280,255.0,Bud Pokémon,35,1M-1.25M,0.2,40,Subomieスボミー,Budew,50,406,50,70,55,1.2,4,False,False,True,False,False,False,False,False,False,True,False,False,False,False,False,False,False,False,False,5120
"['Healer', 'Regenerator', 'Klutz']",1.0,1.0,1.0,1.0,1.0,2.0,1.0,1.0,0.0,1.0,1.0,1.0,1.0,1.0,1.0,1.0,1.0,1.0,60,>=70,545,255.0,Hearing Pokémon,126,<1M,1.1,103,Tabunneタブンネ,Audino,50,531,80,126,50,31.0,5,False,False,False,False,False,False,True,False,False,False,False,False,False,False,False,False,False,False,True,5120
"['Sand Veil', 'Rough Skin']",1.0,1.0,2.0,0.0,2.0,1.0,0.5,1.0,1.0,1.0,1.0,4.0,1.0,0.5,1.0,0.5,1.0,1.0,70,>=70,300,45.0,Land Shark Pokémon,45,>=1.25M,0.7,58,Fukamaruフカマル,Gible,50,443,40,45,42,20.5,4,False,False,False,False,True,False,False,False,False,False,False,False,False,False,False,False,True,False,False,>=7680
"['Intimidate', 'Flash Fire', 'Justified']",0.5,1.0,1.0,1.0,0.5,1.0,0.5,1.0,1.0,0.5,2.0,0.5,1.0,1.0,1.0,2.0,0.5,2.0,70,>=70,350,190.0,Puppy Pokémon,45,>=1.25M,0.7,55,Gardieガーディ,Growlithe,>50,58,70,50,60,19.0,1,True,False,False,False,False,False,False,False,False,False,False,False,False,False,False,False,False,False,True,5120
"['Run Away', 'Pickup', 'Volt Absorb']",1.0,1.0,1.0,0.5,1.0,1.0,1.0,0.5,1.0,1.0,2.0,1.0,1.0,1.0,1.0,1.0,0.5,1.0,45,>=70,405,200.0,EleSquirrel Pokémon,70,1M-1.25M,0.4,60,Pachirisuパチリス,Pachirisu,50,417,45,90,95,3.9,4,False,False,False,True,False,False,False,False,False,False,False,False,False,False,False,False,False,False,True,<=3840
['Levitate'],2.0,2.0,1.0,1.0,1.0,1.0,0.5,0.5,2.0,2.0,2.0,1.0,0.5,0.5,0.5,1.0,2.0,2.0,55,>=70,460,45.0,Meteorite Pokémon,65,<1M,1.0,90,Lunatoneルナトーン,Lunatone,agender,337,95,85,70,168.0,3,False,False,False,False,False,False,False,False,False,False,False,True,False,False,False,False,False,True,False,6400
"['Keen Eye', 'Tangled Feet', 'Big Pecks']",0.5,1.0,1.0,2.0,1.0,1.0,1.0,1.0,0.0,0.5,0.0,2.0,1.0,1.0,1.0,2.0,1.0,1.0,45,>=70,251,255.0,Tiny Bird Pokémon,40,1M-1.25M,0.3,40,Poppoポッポ,Pidgey,50,16,35,35,56,1.8,1,False,False,False,False,False,False,True,False,True,False,False,False,False,False,False,False,False,False,False,<=3840
"['Iron Fist', 'Klutz', 'No Guard']",0.5,2.0,1.0,0.0,1.0,0.0,1.0,1.0,2.0,2.0,1.0,2.0,0.0,0.25,1.0,0.5,1.0,2.0,74,>=70,303,190.0,Automaton Pokémon,50,1M-1.25M,1.0,59,Gobitゴビット,Golett,agender,622,35,50,35,92.0,5,False,False,False,False,True,False,False,False,False,False,False,False,False,False,False,True,False,False,False,6400
"['Water Absorb', 'Shell Armor', 'Hydration']",1.0,1.0,1.0,2.0,1.0,2.0,1.0,1.0,1.0,2.0,1.0,0.25,1.0,1.0,1.0,2.0,1.0,0.5,85,>=70,535,45.0,Transport Pokémon,80,>=1.25M,2.5,130,Laplaceラプラス,Lapras,50,131,85,95,60,220.0,1,False,True,False,False,False,False,False,True,False,False,False,False,False,False,False,False,False,False,False,>=7680
"['Keen Eye', 'Infiltrator', 'Own Tempo']",2.0,2.0,1.0,1.0,1.0,0.5,1.0,1.0,2.0,1.0,1.0,1.0,1.0,1.0,0.5,1.0,1.0,1.0,48,>=70,355,190.0,Restraint Pokémon,54,1M-1.25M,0.3,62,Nyasperニャスパー,Espurr,50,677,63,60,68,3.5,6,False,False,False,False,False,False,False,False,False,False,False,False,False,False,False,False,False,True,True,5120
"['Cute Charm', 'Normalize', 'Wonder Skin ']",1.0,1.0,1.0,1.0,1.0,2.0,1.0,1.0,0.0,1.0,1.0,1.0,1.0,1.0,1.0,1.0,1.0,1.0,45,>=70,260,255.0,Kitten Pokémon,45,<1M,0.6,50,Enecoエネコ,Skitty,<50,300,35,35,50,11.0,3,False,False,False,False,False,False,True,False,False,False,False,False,False,False,False,False,False,False,True,<=3840
"['Pickup', 'Quick Feet', 'Honey Gather']",1.0,1.0,1.0,1.0,1.0,2.0,1.0,1.0,0.0,1.0,1.0,1.0,1.0,1.0,1.0,1.0,1.0,1.0,80,>=70,330,120.0,Little Bear Pokémon,50,1M-1.25M,0.6,60,Himegumaヒメグマ,Teddiursa,50,216,50,50,40,8.8,2,False,False,False,False,False,False,True,False,False,False,False,False,False,False,False,False,False,False,True,5120
"['Inner Focus', 'Early Bird', 'Sap Sipper']",2.0,2.0,1.0,1.0,1.0,1.0,1.0,1.0,0.0,1.0,1.0,1.0,1.0,1.0,0.5,1.0,1.0,1.0,80,>=70,455,60.0,Long Neck Pokémon,65,1M-1.25M,1.5,70,Kirinrikiキリンリキ,Girafarig,50,203,90,65,85,41.5,2,False,False,False,False,False,False,True,False,False,False,False,False,False,False,False,False,False,True,False,5120
"['Telepathy', 'Synchronize', 'Analytic']",2.0,2.0,1.0,1.0,1.0,0.5,1.0,1.0,2.0,1.0,1.0,1.0,1.0,1.0,0.5,1.0,1.0,1.0,55,>=70,335,255.0,Cerebral Pokémon,55,1M-1.25M,0.5,55,Ligrayリグレー,Elgyem,50,605,85,55,30,9.0,5,False,False,False,False,False,False,False,False,False,False,False,False,False,False,False,False,False,True,True,5120
"['Water Veil', 'Oblivious', 'Pressure']",1.0,1.0,1.0,2.0,1.0,1.0,0.5,1.0,1.0,2.0,1.0,0.5,1.0,1.0,1.0,1.0,0.5,0.5,70,>=70,400,125.0,Ball Whale Pokémon,35,>=1.25M,2.0,130,Hoerukoホエルコ,Wailmer,50,320,70,35,60,130.0,3,False,True,False,False,False,False,False,False,False,False,False,False,False,False,False,False,False,False,True,>=7680
"['Refrigerate', 'Snow Warning']",1.0,1.0,1.0,1.0,1.0,4.0,1.0,0.5,1.0,2.0,2.0,0.5,0.5,0.5,1.0,2.0,4.0,2.0,59,>=70,362,45.0,Tundra Pokémon,50,1M-1.25M,1.3,77,Amarusアマルス,Amaura,>50,698,67,63,46,25.2,6,False,False,False,False,False,False,False,True,False,False,False,True,False,False,False,False,False,False,False,>=7680
"['Swarm', 'Insomnia', 'Sniper']",0.5,1.0,1.0,1.0,0.5,0.25,2.0,2.0,1.0,0.25,1.0,1.0,1.0,0.5,2.0,2.0,1.0,1.0,60,>=70,250,255.0,String Spit Pokémon,40,<1M,0.5,40,Itomaruイトマル,Spinarak,50,167,40,40,30,8.5,2,False,False,False,False,False,True,False,False,False,True,False,False,False,False,False,False,False,False,False,<=3840
"['Sand Rush', 'Sand Force', 'Mold Breaker']",1.0,1.0,1.0,0.0,1.0,1.0,1.0,1.0,1.0,2.0,1.0,2.0,1.0,0.5,1.0,0.5,1.0,2.0,85,>=70,328,120.0,Mole Pokémon,40,1M-1.25M,0.3,60,Mogurewモグリュー,Drilbur,50,529,30,45,68,8.5,5,False,False,False,False,True,False,False,False,False,False,False,False,False,False,False,False,False,False,True,5120
"['Immunity', 'Toxic Boost']",1.0,1.0,1.0,1.0,1.0,2.0,1.0,1.0,0.0,1.0,1.0,1.0,1.0,1.0,1.0,1.0,1.0,1.0,115,>=70,458,90.0,Cat Ferret Pokémon,60,<1M,1.3,73,Zangooseザングース,Zangoose,50,335,60,60,90,40.3,3,False,False,False,False,False,False,True,False,False,False,False,False,False,False,False,False,False,False,True,5120
"['Big Pecks', 'Overcoat', 'Weak Armor']",1.0,0.5,1.0,2.0,2.0,1.0,1.0,1.0,0.5,0.5,0.0,2.0,1.0,1.0,0.0,2.0,1.0,1.0,55,<70,370,190.0,Diapered Pokémon,75,>=1.25M,0.5,70,Valchaiバルチャイ,Vullaby,<50,629,45,65,60,9.0,5,False,False,False,False,False,False,False,False,True,False,False,False,False,False,True,False,False,False,False,5120
"['Sturdy', 'Rock Head', 'Rattled']",1.0,1.0,1.0,1.0,1.0,2.0,0.5,0.5,1.0,2.0,2.0,1.0,0.5,0.5,1.0,1.0,2.0,2.0,80,>=70,290,255.0,Bonsai Pokémon,95,1M-1.25M,0.5,50,Usohachiウソハチ,Bonsly,50,438,10,45,10,15.0,4,False,False,False,False,False,False,False,False,False,False,False,True,False,False,False,False,False,False,True,5120
"['Torrent', 'Sheer Force']",1.0,1.0,1.0,2.0,1.0,1.0,0.5,1.0,1.0,2.0,1.0,0.5,1.0,1.0,1.0,1.0,0.5,0.5,65,>=70,314,45.0,Big Jaw Pokémon,64,1M-1.25M,0.6,50,Waninokoワニノコ,Totodile,>50,158,44,48,43,9.5,2,False,True,False,False,False,False,False,False,False,False,False,False,False,False,False,False,False,False,True,5120
"['Swift Swim', 'Rain Dish']",1.0,1.0,1.0,2.0,1.0,0.5,1.0,2.0,1.0,1.0,0.5,0.5,1.0,1.0,1.0,2.0,0.5,0.5,30,>=70,269,200.0,Pond Skater Pokémon,32,1M-1.25M,0.5,40,Ametamaアメタマ,Surskit,50,283,50,52,65,1.7,3,False,True,False,False,False,True,False,False,False,False,False,False,False,False,False,False,False,False,False,<=3840
"['Illuminate', 'Swarm', 'Prankster']",1.0,1.0,1.0,1.0,1.0,0.5,2.0,2.0,1.0,0.5,0.5,1.0,1.0,1.0,1.0,2.0,1.0,1.0,73,>=70,430,150.0,Firefly Pokémon,75,<1M,0.7,65,Barubeatバルビート,Volbeat,>50,313,47,85,85,17.7,3,False,False,False,False,False,True,False,False,False,False,False,False,False,False,False,False,False,False,True,<=3840
"['Swarm', 'Early Bird', 'Rattled']",0.5,1.0,1.0,2.0,1.0,0.25,2.0,2.0,1.0,0.25,0.0,2.0,1.0,1.0,1.0,4.0,1.0,1.0,20,>=70,265,255.0,Five Star Pokémon,30,<1M,1.0,40,Redibaレディバ,Ledyba,50,165,40,80,55,10.8,2,False,False,False,False,False,True,False,False,True,False,False,False,False,False,False,False,False,False,False,<=3840
"['Sturdy', 'Soundproof']",0.5,1.0,0.5,1.0,0.5,4.0,1.0,0.25,1.0,1.0,4.0,0.5,0.25,0.0,0.5,0.5,1.0,2.0,42,>=70,350,45.0,Shield Pokémon,118,<1M,0.5,30,Tatetopsタテトプス,Shieldon,>50,410,42,88,30,57.0,4,False,False,False,False,False,False,False,False,False,False,False,True,True,False,False,False,False,False,False,>=7680
"['Lightningrod', 'Motor Drive', 'Sap Sipper']",1.0,1.0,1.0,0.5,1.0,1.0,1.0,0.5,1.0,1.0,2.0,1.0,1.0,1.0,1.0,1.0,0.5,1.0,60,>=70,295,190.0,Electrified Pokémon,32,1M-1.25M,0.8,45,Shimamaシママ,Blitzle,50,522,50,32,76,29.8,5,False,False,False,True,False,False,False,False,False,False,False,False,False,False,False,False,False,False,True,5120
"['Pure Power', 'Telepathy']",1.0,1.0,1.0,1.0,2.0,0.5,1.0,2.0,2.0,1.0,1.0,1.0,1.0,1.0,1.0,0.5,1.0,1.0,40,>=70,280,180.0,Meditate Pokémon,55,1M-1.25M,0.6,30,Asananアサナン,Meditite,50,307,40,55,60,11.2,3,False,False,False,False,False,False,False,False,False,False,True,False,False,False,False,False,False,True,False,5120
"['Hyper Cutter', 'Shell Armor', 'Adaptability']",1.0,1.0,1.0,2.0,1.0,1.0,0.5,1.0,1.0,2.0,1.0,0.5,1.0,1.0,1.0,1.0,0.5,0.5,80,>=70,308,205.0,Ruffian Pokémon,65,>=1.25M,0.6,43,Heiganiヘイガニ,Corphish,50,341,50,35,35,11.5,3,False,True,False,False,False,False,False,False,False,False,False,False,False,False,False,False,False,False,True,<=3840
"['Run Away', 'Klutz', 'Limber']",1.0,1.0,1.0,1.0,1.0,2.0,1.0,1.0,0.0,1.0,1.0,1.0,1.0,1.0,1.0,1.0,1.0,1.0,66,<70,350,190.0,Rabbit Pokémon,44,1M-1.25M,0.4,55,Mimirolミミロル,Buneary,50,427,44,56,85,5.5,4,False,False,False,False,False,False,True,False,False,False,False,False,False,False,False,False,False,False,True,5120
['Levitate'],0.5,2.0,1.0,0.5,1.0,0.0,1.0,0.5,2.0,1.0,2.0,1.0,0.0,0.5,1.0,1.0,0.5,1.0,65,>=70,520,45.0,Plasma Pokémon,107,1M-1.25M,0.3,50,Rotomロトム,Rotom,agender,479,105,107,86,0.3,4,False,False,False,True,False,False,False,False,False,False,False,False,False,False,False,True,False,False,False,5120
"['Static', 'Motor Drive']",0.5,1.0,1.0,1.0,1.0,0.5,1.0,0.5,1.0,0.5,0.0,2.0,1.0,1.0,1.0,2.0,0.5,1.0,75,>=70,428,200.0,Sky Squirrel Pokémon,60,1M-1.25M,0.4,55,Emongaエモンガ,Emolga,50,587,75,60,103,5.0,5,False,False,False,True,False,False,False,False,True,False,False,False,False,False,False,False,False,False,False,5120
"['Cute Charm', 'Magic Guard', 'Friend Guard']",0.5,0.5,0.0,1.0,1.0,0.5,1.0,1.0,1.0,1.0,1.0,1.0,1.0,2.0,1.0,1.0,2.0,1.0,25,>=70,218,150.0,Star Shape Pokémon,28,<1M,0.3,50,Pyピィ,Cleffa,<50,173,45,55,15,3.0,2,False,False,False,False,False,False,False,False,False,False,False,False,False,True,False,False,False,False,True,<=3840
"['Shed Skin', 'Infiltrator']",0.5,1.0,1.0,1.0,0.5,0.5,1.0,1.0,1.0,0.5,2.0,1.0,1.0,0.5,2.0,1.0,1.0,1.0,100,>=70,458,90.0,Fang Snake Pokémon,60,>=1.25M,2.7,73,Habunakeハブネーク,Seviper,50,336,100,60,65,52.5,3,False,False,False,False,False,False,False,False,False,True,False,False,False,False,False,False,False,False,True,5120
"['Poison Point', 'Swift Swim', 'Intimidate']",0.5,1.0,1.0,2.0,0.5,0.5,0.5,1.0,1.0,1.0,2.0,0.5,1.0,0.5,2.0,1.0,0.5,0.5,95,>=70,440,45.0,Balloon Pokémon,85,1M-1.25M,0.5,65,Harysenハリーセン,Qwilfish,50,211,55,55,85,3.9,2,False,True,False,False,False,False,False,False,False,True,False,False,False,False,False,False,False,False,False,5120
"['Keen Eye', 'Vital Spirit', 'Steadfast']",1.0,1.0,1.0,1.0,1.0,2.0,0.5,0.5,1.0,2.0,2.0,1.0,0.5,0.5,1.0,1.0,2.0,2.0,65,>=70,280,190.0,Puppy Pokémon,40,1M-1.25M,0.5,45,Iwankoイワンコ,Rockruff,50,744,30,40,60,9.2,7,False,False,False,False,False,False,False,False,False,False,False,True,False,False,False,False,False,False,True,<=3840
"['Soundproof', 'Rattled']",1.0,1.0,1.0,1.0,1.0,2.0,1.0,1.0,0.0,1.0,1.0,1.0,1.0,1.0,1.0,1.0,1.0,1.0,51,>=70,240,190.0,Whisper Pokémon,23,1M-1.25M,0.6,64,Gonyonyoゴニョニョ,Whismur,50,293,51,23,28,16.3,3,False,False,False,False,False,False,True,False,False,False,False,False,False,False,False,False,False,False,True,5120
"['Gluttony', 'Overgrow']",2.0,1.0,1.0,0.5,1.0,1.0,2.0,2.0,1.0,0.5,0.5,2.0,1.0,2.0,1.0,1.0,1.0,0.5,53,>=70,316,190.0,Grass Monkey Pokémon,48,1M-1.25M,0.6,50,Yanappuヤナップ,Pansage,>50,511,53,48,64,10.5,5,False,False,True,False,False,False,False,False,False,False,False,False,False,False,False,False,False,False,True,5120
"['Hyper Cutter', 'Shell Armor', 'Sheer Force']",1.0,1.0,1.0,2.0,1.0,1.0,0.5,1.0,1.0,2.0,1.0,0.5,1.0,1.0,1.0,1.0,0.5,0.5,105,>=70,325,225.0,River Crab Pokémon,90,1M-1.25M,0.4,30,Crabクラブ,Krabby,50,98,25,25,50,6.5,1,False,True,False,False,False,False,False,False,False,False,False,False,False,False,False,False,False,False,True,5120
"['Illuminate', 'Effect Spore', 'Rain Dish']",1.0,0.5,0.0,0.5,1.0,0.5,2.0,2.0,1.0,0.5,0.5,2.0,1.0,4.0,1.0,1.0,2.0,0.5,35,>=70,285,190.0,Illuminating Pokémon,55,1M-1.25M,0.2,40,Nemasyuネマシュ,Morelull,50,755,65,75,15,1.5,7,False,False,True,False,False,False,False,False,False,False,False,False,False,True,False,False,False,False,False,5120
"['Mold Breaker', 'Sheer Force']",1.0,1.0,1.0,1.0,1.0,2.0,0.5,0.5,1.0,2.0,2.0,1.0,0.5,0.5,1.0,1.0,2.0,2.0,125,>=70,350,45.0,Head Butt Pokémon,40,<1M,0.9,67,Zugaidosズガイドス,Cranidos,>50,408,30,30,58,31.5,4,False,False,False,False,False,False,False,False,False,False,False,True,False,False,False,False,False,False,True,>=7680
['Mega Launcher'],1.0,1.0,1.0,2.0,1.0,1.0,0.5,1.0,1.0,2.0,1.0,0.5,1.0,1.0,1.0,1.0,0.5,0.5,53,>=70,330,225.0,Water Gun Pokémon,62,>=1.25M,0.5,50,Udeppouウデッポウ,Clauncher,50,692,58,63,44,8.3,6,False,True,False,False,False,False,False,False,False,False,False,False,False,False,False,False,False,False,True,<=3840
"['Iron Fist', 'Mold Breaker', 'Scrappy']",0.5,0.5,1.0,1.0,2.0,1.0,1.0,2.0,1.0,1.0,1.0,1.0,1.0,1.0,2.0,0.5,1.0,1.0,82,>=70,348,220.0,Playful Pokémon,62,1M-1.25M,0.6,67,Yanchamヤンチャム,Pancham,50,674,46,48,43,8.0,6,False,False,False,False,False,False,False,False,False,False,True,False,False,False,False,False,False,False,True,6400
"['Flame Body', 'Swarm']",0.5,1.0,1.0,1.0,0.5,0.5,1.0,2.0,1.0,0.25,1.0,0.5,1.0,1.0,1.0,4.0,0.5,2.0,85,>=70,360,45.0,Torch Pokémon,55,>=1.25M,1.1,55,Merlarvaメラルバ,Larvesta,50,636,50,55,60,28.8,5,True,False,False,False,False,True,False,False,False,False,False,False,False,False,False,False,False,False,False,>=7680
"['Insomnia', 'Forewarn', 'Inner Focus']",2.0,2.0,1.0,1.0,1.0,0.5,1.0,1.0,2.0,1.0,1.0,1.0,1.0,1.0,0.5,1.0,1.0,1.0,48,>=70,328,190.0,Hypnosis Pokémon,45,1M-1.25M,1.0,60,Sleepeスリープ,Drowzee,50,96,43,90,42,32.4,1,False,False,False,False,False,False,False,False,False,False,False,False,False,False,False,False,False,True,True,5120
"['Overgrow', 'Unburden']",2.0,1.0,1.0,0.5,1.0,1.0,2.0,2.0,1.0,0.5,0.5,2.0,1.0,2.0,1.0,1.0,1.0,0.5,45,>=70,310,45.0,Wood Gecko Pokémon,35,1M-1.25M,0.5,40,Kimoriキモリ,Treecko,>50,252,65,55,70,5.0,3,False,False,True,False,False,False,False,False,False,False,False,False,False,False,False,False,False,False,True,5120
"['Inner Focus', 'Keen Eye', 'Pickpocket']",2.0,0.5,1.0,1.0,2.0,4.0,2.0,1.0,0.5,1.0,1.0,0.5,1.0,1.0,0.0,2.0,2.0,1.0,95,<70,430,60.0,Sharp Claw Pokémon,55,1M-1.25M,0.9,55,Nyulaニューラ,Sneasel,50,215,35,75,115,28.0,2,False,False,False,False,False,False,False,True,False,False,False,False,False,False,True,False,False,False,False,5120
"['Cheek Pouch', 'Pickup', 'Plus']",0.5,0.5,0.0,0.5,1.0,0.5,1.0,0.5,1.0,1.0,2.0,1.0,1.0,2.0,1.0,1.0,1.0,1.0,58,>=70,431,180.0,Antenna Pokémon,57,1M-1.25M,0.2,67,Dedenneデデンネ,Dedenne,50,702,81,67,101,2.2,6,False,False,False,True,False,False,False,False,False,False,False,False,False,True,False,False,False,False,False,5120
"['Honey Gather', 'Shield Dust', 'Sweet Veil']",0.5,0.5,0.0,1.0,1.0,0.25,2.0,2.0,1.0,0.5,0.5,1.0,1.0,2.0,1.0,2.0,2.0,1.0,45,>=70,304,190.0,Bee Fly Pokémon,40,1M-1.25M,0.1,40,Abulyアブリー,Cutiefly,50,742,55,40,84,0.2,7,False,False,False,False,False,True,False,False,False,False,False,False,False,True,False,False,False,False,False,5120
"['Water Absorb', 'Damp', 'Swift Swim']",1.0,1.0,1.0,2.0,1.0,1.0,0.5,1.0,1.0,2.0,1.0,0.5,1.0,1.0,1.0,1.0,0.5,0.5,50,>=70,300,255.0,Tadpole Pokémon,40,1M-1.25M,0.6,40,Nyoromoニョロモ,Poliwag,50,60,40,40,90,12.4,1,False,True,False,False,False,False,False,False,False,False,False,False,False,False,False,False,False,False,True,5120
"['Water Absorb', 'Chlorophyll', 'Storm Drain']",2.0,1.0,1.0,0.5,1.0,1.0,2.0,2.0,1.0,0.5,0.5,2.0,1.0,2.0,1.0,1.0,1.0,0.5,86,>=70,461,255.0,Cactus Pokémon,67,1M-1.25M,1.0,75,Maracacchiマラカッチ,Maractus,50,556,106,67,60,28.0,5,False,False,True,False,False,False,False,False,False,False,False,False,False,False,False,False,False,False,True,5120
"['Sand Veil', 'Water Absorb']",2.0,1.0,1.0,0.5,1.0,1.0,2.0,2.0,1.0,0.5,0.5,2.0,1.0,2.0,1.0,1.0,1.0,0.5,85,<70,335,190.0,Cactus Pokémon,40,1M-1.25M,0.4,50,Saboneaサボネア,Cacnea,50,331,85,40,35,51.3,3,False,False,True,False,False,False,False,False,False,False,False,False,False,False,False,False,False,False,True,5120
['Levitate'],2.0,2.0,1.0,1.0,1.0,1.0,0.5,0.5,2.0,2.0,2.0,1.0,0.5,0.5,0.5,1.0,2.0,2.0,95,>=70,460,45.0,Meteorite Pokémon,85,<1M,1.2,90,Solrockソルロック,Solrock,agender,338,55,65,70,154.0,3,False,False,False,False,False,False,False,False,False,False,False,True,False,False,False,False,False,True,False,6400
"['Sturdy', 'Rock Head', 'Heavy Metal']",0.5,1.0,0.5,1.0,0.5,4.0,1.0,0.25,1.0,1.0,4.0,0.5,0.25,0.0,0.5,0.5,1.0,2.0,70,<70,330,180.0,Iron Armor Pokémon,100,>=1.25M,0.4,50,Cokodoraココドラ,Aron,50,304,40,40,30,60.0,3,False,False,False,False,False,False,False,False,False,False,False,True,True,False,False,False,False,False,False,>=7680
"['Blaze', 'Magician']",0.5,1.0,1.0,1.0,0.5,1.0,0.5,1.0,1.0,0.5,2.0,0.5,1.0,1.0,1.0,2.0,0.5,2.0,45,>=70,307,45.0,Fox Pokémon,40,1M-1.25M,0.4,40,Fokkoフォッコ,Fennekin,>50,653,62,60,60,9.4,6,True,False,False,False,False,False,False,False,False,False,False,False,False,False,False,False,False,False,True,5120
"['Chlorophyll', 'Gluttony']",1.0,1.0,1.0,0.5,0.5,0.5,2.0,2.0,1.0,0.25,1.0,2.0,1.0,1.0,2.0,1.0,1.0,0.5,75,>=70,300,255.0,Flower Pokémon,35,1M-1.25M,0.7,50,Madatsubomiマダツボミ,Bellsprout,50,69,70,30,40,4.0,1,False,False,True,False,False,False,False,False,False,True,False,False,False,False,False,False,False,False,False,5120
"['Torrent', 'Defiant']",1.0,1.0,1.0,2.0,1.0,1.0,0.5,1.0,1.0,2.0,1.0,0.5,1.0,1.0,1.0,1.0,0.5,0.5,51,>=70,314,45.0,Penguin Pokémon,53,1M-1.25M,0.4,53,Pochamaポッチャマ,Piplup,>50,393,61,56,40,5.2,4,False,True,False,False,False,False,False,False,False,False,False,False,False,False,False,False,False,False,True,5120
"['Swarm', 'Chlorophyll', 'Overcoat']",2.0,1.0,1.0,0.5,1.0,0.5,4.0,4.0,1.0,0.25,0.25,2.0,1.0,2.0,1.0,2.0,1.0,0.5,53,>=70,310,255.0,Sewing Pokémon,70,1M-1.25M,0.3,45,Kurumiruクルミル,Sewaddle,50,540,40,60,42,2.5,5,False,False,True,False,False,True,False,False,False,False,False,False,False,False,False,False,False,False,False,<=3840
"['Inner Focus', 'Infiltrator']",0.25,1.0,1.0,2.0,0.5,0.25,1.0,1.0,1.0,0.25,0.0,2.0,1.0,0.5,2.0,2.0,1.0,1.0,45,>=70,245,255.0,Bat Pokémon,35,1M-1.25M,0.8,40,Zubatズバット,Zubat,50,41,30,40,55,7.5,1,False,False,False,False,False,False,False,False,True,True,False,False,False,False,False,False,False,False,False,<=3840
"['Natural Cure', 'Poison Point', 'Leaf Guard']",1.0,1.0,1.0,0.5,0.5,0.5,2.0,2.0,1.0,0.25,1.0,2.0,1.0,1.0,2.0,1.0,1.0,0.5,60,>=70,400,150.0,Thorn Pokémon,45,1M-1.25M,0.3,50,Roseliaロゼリア,Roselia,50,315,100,80,65,2.0,3,False,False,True,False,False,False,False,False,False,True,False,False,False,False,False,False,False,False,False,5120
"['Natural Cure', 'Frisk', 'Harvest']",1.0,2.0,1.0,0.5,1.0,0.0,2.0,2.0,2.0,0.5,0.5,2.0,0.0,1.0,1.0,1.0,1.0,0.5,70,>=70,309,120.0,Stump Pokémon,48,1M-1.25M,0.4,43,Bokureiボクレー,Phantump,50,708,50,60,38,7.0,6,False,False,True,False,False,False,False,False,False,False,False,False,False,False,False,True,False,False,False,5120
"['Static', 'Plus']",1.0,1.0,1.0,0.5,1.0,1.0,1.0,0.5,1.0,1.0,2.0,1.0,1.0,1.0,1.0,1.0,0.5,1.0,40,>=70,280,235.0,Wool Pokémon,40,1M-1.25M,0.6,55,Merriepメリープ,Mareep,50,179,65,45,35,7.8,2,False,False,False,True,False,False,False,False,False,False,False,False,False,False,False,False,False,False,True,5120
"['Iron Barbs', 'Lightningrod', 'Sturdy']",0.5,1.0,0.5,0.5,0.5,2.0,2.0,0.25,1.0,0.5,4.0,0.5,0.5,0.0,0.5,0.5,0.25,1.0,98,>=70,435,180.0,Roly-Poly Pokémon,63,1M-1.25M,0.3,65,Togedemaruトゲデマル,Togedemaru,50,777,40,73,96,3.3,7,False,False,False,True,False,False,False,False,False,False,False,False,True,False,False,False,False,False,False,<=3840
"['Healer', 'Hydration', 'Regenerator']",1.0,1.0,1.0,2.0,1.0,1.0,0.5,1.0,1.0,2.0,1.0,0.5,1.0,1.0,1.0,1.0,0.5,0.5,75,>=70,470,75.0,Caring Pokémon,80,<1M,1.2,165,Mamanbouママンボウ,Alomomola,50,594,40,45,65,31.6,5,False,True,False,False,False,False,False,False,False,False,False,False,False,False,False,False,False,False,True,>=7680
"['Soundproof', 'Filter', 'Technician']",1.0,1.0,0.0,1.0,1.0,0.25,1.0,1.0,2.0,1.0,1.0,1.0,1.0,2.0,0.5,1.0,2.0,1.0,45,>=70,460,45.0,Barrier Pokémon,65,1M-1.25M,1.3,40,Barrierdバリヤード,Mr. Mime,50,122,100,120,90,54.5,1,False,False,False,False,False,False,False,False,False,False,False,False,False,True,False,False,False,True,False,6400
"['Stench', 'Sticky Hold', 'Poison Touch', 'Poison Touch', 'Gluttony', 'Power of Alchemy']",0.5,1.0,1.0,1.0,0.5,0.5,1.0,1.0,1.0,0.5,2.0,1.0,1.0,0.5,2.0,1.0,1.0,1.0,80,>=70,325,190.0,Sludge Pokémon,50,1M-1.25M,0.9,80,Betbeterベトベター,Grimer,50,88,40,50,25,30.0,1,False,False,False,False,False,False,False,False,False,True,False,False,False,False,False,False,False,False,False,5120
"['Inner Focus', 'Telepathy', 'Symbiosis']",2.0,2.0,1.0,1.0,1.0,1.0,1.0,1.0,0.0,1.0,1.0,1.0,1.0,1.0,0.5,1.0,1.0,1.0,60,>=70,490,45.0,Sage Pokémon,80,>=1.25M,1.5,90,Yareyuutanヤレユータン,Oranguru,50,765,90,110,60,76.0,7,False,False,False,False,False,False,True,False,False,False,False,False,False,False,False,False,False,True,False,5120
"['Keen Eye', 'Reckless']",0.5,1.0,1.0,2.0,1.0,1.0,1.0,1.0,0.0,0.5,0.0,2.0,1.0,1.0,1.0,2.0,1.0,1.0,55,>=70,245,255.0,Starling Pokémon,30,1M-1.25M,0.3,40,Mukkuruムックル,Starly,50,396,30,30,60,2.0,4,False,False,False,False,False,False,True,False,True,False,False,False,False,False,False,False,False,False,False,<=3840
"['Rivalry', 'Intimidate', 'Guts']",1.0,1.0,1.0,0.5,1.0,1.0,1.0,0.5,1.0,1.0,2.0,1.0,1.0,1.0,1.0,1.0,0.5,1.0,65,>=70,263,235.0,Flash Pokémon,34,1M-1.25M,0.5,45,Kolinkコリンク,Shinx,50,403,40,34,45,9.5,4,False,False,False,True,False,False,False,False,False,False,False,False,False,False,False,False,False,False,True,5120
"['Pickup', 'Frisk', 'Insomnia']",1.0,2.0,1.0,0.5,1.0,0.0,2.0,2.0,2.0,0.5,0.5,2.0,0.0,1.0,1.0,1.0,1.0,0.5,66,>=70,335,120.0,Pumpkin Pokémon,70,1M-1.25M,0.8,59,Bakecchaバケッチャ,Pumpkaboo,50,710,44,55,41,15.0,6,False,False,True,False,False,False,False,False,False,False,False,False,False,False,False,True,False,False,False,5120
"['Swift Swim', 'Oblivious', 'Adaptability']",1.0,1.0,1.0,2.0,1.0,1.0,0.5,1.0,1.0,2.0,1.0,0.5,1.0,1.0,1.0,1.0,0.5,0.5,15,>=70,200,255.0,Fish Pokémon,20,<1M,0.6,20,Hinbassヒンバス,Feebas,50,349,10,55,80,7.4,3,False,True,False,False,False,False,False,False,False,False,False,False,False,False,False,False,False,False,True,5120
"['Synchronize', 'Inner Focus', 'Magic Guard']",2.0,2.0,1.0,1.0,1.0,0.5,1.0,1.0,2.0,1.0,1.0,1.0,1.0,1.0,0.5,1.0,1.0,1.0,20,>=70,310,200.0,Psi Pokémon,15,1M-1.25M,0.9,25,Caseyケーシィ,Abra,>50,63,105,55,90,19.5,1,False,False,False,False,False,False,False,False,False,False,False,False,False,False,False,False,False,True,True,5120
"['Stakeout', 'Strong Jaw', 'Adaptability']",1.0,1.0,1.0,1.0,1.0,2.0,1.0,1.0,0.0,1.0,1.0,1.0,1.0,1.0,1.0,1.0,1.0,1.0,70,>=70,253,255.0,Loitering Pokémon,30,1M-1.25M,0.4,48,Youngooseヤングース,Yungoos,50,734,30,30,45,6.0,7,False,False,False,False,False,False,True,False,False,False,False,False,False,False,False,False,False,False,True,<=3840
"['Blaze', 'Iron Fist']",0.5,1.0,1.0,1.0,0.5,1.0,0.5,1.0,1.0,0.5,2.0,0.5,1.0,1.0,1.0,2.0,0.5,2.0,58,>=70,309,45.0,Chimp Pokémon,44,1M-1.25M,0.5,44,Hikozaruヒコザル,Chimchar,>50,390,58,44,61,6.2,4,True,False,False,False,False,False,False,False,False,False,False,False,False,False,False,False,False,False,True,5120
"['Chlorophyll', 'Harvest']",4.0,2.0,1.0,0.5,1.0,0.5,2.0,2.0,2.0,0.5,0.5,2.0,1.0,2.0,0.5,1.0,1.0,0.5,40,>=70,325,90.0,Egg Pokémon,80,>=1.25M,0.4,60,Tamatamaタマタマ,Exeggcute,50,102,60,45,40,2.5,1,False,False,True,False,False,False,False,False,False,False,False,False,False,False,False,False,False,True,False,5120
"['Guts', 'Sheer Force', 'Iron Fist']",0.5,0.5,1.0,1.0,2.0,1.0,1.0,2.0,1.0,1.0,1.0,1.0,1.0,1.0,2.0,0.5,1.0,1.0,80,>=70,305,180.0,Muscular Pokémon,55,1M-1.25M,0.6,75,Dokkorerドッコラー,Timburr,>50,532,25,35,35,12.5,5,False,False,False,False,False,False,False,False,False,False,True,False,False,False,False,False,False,False,True,5120
['Schooling'],1.0,1.0,1.0,2.0,1.0,1.0,0.5,1.0,1.0,2.0,1.0,0.5,1.0,1.0,1.0,1.0,0.5,0.5,140,>=70,620,60.0,Small Fry Pokémon,130,<1M,0.2,45,Yowashi (tandoku No Sugata)ヨワシ,Wishiwashi,50,746,140,135,30,0.3,7,False,True,False,False,False,False,False,False,False,False,False,False,False,False,False,False,False,False,True,<=3840
"['Cute Charm', 'Competitive', 'Friend Guard']",0.5,0.5,0.0,1.0,1.0,1.0,1.0,1.0,0.0,1.0,1.0,1.0,1.0,2.0,1.0,1.0,2.0,1.0,30,>=70,210,170.0,Balloon Pokémon,15,<1M,0.3,90,Pupurinププリン,Igglybuff,<50,174,40,20,15,1.0,2,False,False,False,False,False,False,True,False,False,False,False,False,False,True,False,False,False,False,False,<=3840
"['Keen Eye', 'Inner Focus', 'Defiant']",0.5,1.0,1.0,2.0,1.0,1.0,1.0,1.0,0.0,0.5,0.0,2.0,1.0,1.0,1.0,2.0,1.0,1.0,90,>=70,377,45.0,Wild Duck Pokémon,55,1M-1.25M,0.8,52,Kamonegiカモネギ,Farfetch'd,50,83,58,62,60,15.0,1,False,False,False,False,False,False,True,False,True,False,False,False,False,False,False,False,False,False,False,5120
"['Lightningrod', 'Rock Head', 'Reckless']",1.0,1.0,1.0,0.0,1.0,2.0,0.5,0.5,1.0,4.0,2.0,2.0,0.5,0.25,1.0,0.5,2.0,4.0,85,>=70,345,120.0,Spikes Pokémon,95,>=1.25M,1.0,80,Sihornサイホーン,Rhyhorn,50,111,30,30,25,115.0,1,False,False,False,False,True,False,False,False,False,False,False,True,False,False,False,False,False,False,False,5120
"['Torrent', 'Liquid Voice']",1.0,1.0,1.0,2.0,1.0,1.0,0.5,1.0,1.0,2.0,1.0,0.5,1.0,1.0,1.0,1.0,0.5,0.5,54,>=70,320,45.0,Sea Lion Pokémon,54,1M-1.25M,0.4,50,Ashimariアシマリ,Popplio,>50,728,66,56,40,7.5,7,False,True,False,False,False,False,False,False,False,False,False,False,False,False,False,False,False,False,True,<=3840
"['Intimidate', 'Frisk', 'Sap Sipper']",1.0,1.0,1.0,1.0,1.0,2.0,1.0,1.0,0.0,1.0,1.0,1.0,1.0,1.0,1.0,1.0,1.0,1.0,95,>=70,465,45.0,Big Horn Pokémon,62,>=1.25M,1.4,73,Odoshishiオドシシ,Stantler,50,234,85,65,85,71.2,2,False,False,False,False,False,False,True,False,False,False,False,False,False,False,False,False,False,False,True,5120
"['Keen Eye', 'Sturdy', 'Weak Armor']",0.25,1.0,0.5,2.0,0.5,1.0,2.0,0.5,1.0,0.25,0.0,1.0,0.5,0.0,0.5,1.0,0.5,1.0,80,>=70,465,25.0,Armor Bird Pokémon,140,>=1.25M,1.7,65,Airmdエアームド,Skarmory,50,227,40,70,70,50.5,2,False,False,False,False,False,False,False,False,True,False,False,False,True,False,False,False,False,False,False,6400
"['Oblivious', 'Simple', 'Own Tempo']",0.5,1.0,1.0,0.0,0.5,1.0,0.5,1.0,1.0,1.0,2.0,1.0,1.0,0.5,1.0,1.0,0.5,4.0,60,>=70,305,255.0,Numb Pokémon,40,1M-1.25M,0.7,60,Donmelドンメル,Numel,50,322,65,45,35,24.0,3,True,False,False,False,True,False,False,False,False,False,False,False,False,False,False,False,False,False,False,5120
"['Oblivious', 'Own Tempo', 'Regenerator']",2.0,2.0,1.0,2.0,1.0,0.5,0.5,1.0,2.0,2.0,1.0,0.5,1.0,1.0,0.5,1.0,0.5,0.5,65,>=70,315,190.0,Dopey Pokémon,65,1M-1.25M,1.2,90,Yadonヤドン,Slowpoke,50,79,40,40,15,36.0,1,False,True,False,False,False,False,False,False,False,False,False,False,False,False,False,False,False,True,False,5120
"['Overgrow', 'Shell Armor']",2.0,1.0,1.0,0.5,1.0,1.0,2.0,2.0,1.0,0.5,0.5,2.0,1.0,2.0,1.0,1.0,1.0,0.5,68,>=70,318,45.0,Tiny Leaf Pokémon,64,1M-1.25M,0.4,55,Naetleナエトル,Turtwig,>50,387,45,55,31,10.2,4,False,False,True,False,False,False,False,False,False,False,False,False,False,False,False,False,False,False,True,5120
"['Own Tempo', 'Technician', 'Moody']",1.0,1.0,1.0,1.0,1.0,2.0,1.0,1.0,0.0,1.0,1.0,1.0,1.0,1.0,1.0,1.0,1.0,1.0,20,>=70,250,45.0,Painter Pokémon,35,<1M,1.2,55,Dobleドーブル,Smeargle,50,235,20,45,75,58.0,2,False,False,False,False,False,False,True,False,False,False,False,False,False,False,False,False,False,False,True,5120
"['Swift Swim', 'Rain Dish', 'Own Tempo']",2.0,1.0,1.0,1.0,1.0,1.0,1.0,2.0,1.0,1.0,0.5,1.0,1.0,2.0,1.0,1.0,0.5,0.25,30,>=70,220,255.0,Water Weed Pokémon,30,1M-1.25M,0.5,40,Hassbohハスボー,Lotad,50,270,40,50,30,2.6,3,False,True,True,False,False,False,False,False,False,False,False,False,False,False,False,False,False,False,False,<=3840
"['Hyper Cutter', 'Iron Fist', 'Anger Point']",0.5,0.5,1.0,1.0,2.0,1.0,1.0,2.0,1.0,1.0,1.0,1.0,1.0,1.0,2.0,0.5,1.0,1.0,82,>=70,338,225.0,Boxing Pokémon,57,1M-1.25M,0.6,47,Makenkaniマケンカニ,Crabrawler,50,739,42,47,63,7.0,7,False,False,False,False,False,False,False,False,False,False,True,False,False,False,False,False,False,False,True,5120
"['Swift Swim', 'Water Absorb', 'Water Veil']",0.5,1.0,1.0,4.0,1.0,0.5,0.5,1.0,1.0,1.0,0.0,1.0,1.0,1.0,1.0,2.0,0.5,0.5,40,>=70,485,25.0,Kite Pokémon,70,>=1.25M,2.1,85,Mantainマンタイン,Mantine,50,226,80,140,70,220.0,2,False,True,False,False,False,False,False,False,True,False,False,False,False,False,False,False,False,False,False,6400
"['Swift Swim', 'Shell Armor', 'Weak Armor']",1.0,1.0,1.0,2.0,1.0,2.0,0.25,0.5,1.0,4.0,2.0,0.5,0.5,0.5,1.0,1.0,1.0,1.0,40,>=70,355,45.0,Spiral Pokémon,100,1M-1.25M,0.4,35,Omniteオムナイト,Omanyte,>50,138,90,55,35,7.5,1,False,True,False,False,False,False,False,False,False,False,False,True,False,False,False,False,False,False,False,>=7680
"['Liquid Ooze', 'Sticky Hold', 'Gluttony']",0.5,1.0,1.0,1.0,0.5,0.5,1.0,1.0,1.0,0.5,2.0,1.0,1.0,0.5,2.0,1.0,1.0,1.0,43,>=70,302,225.0,Stomach Pokémon,53,>=1.25M,0.4,70,Gokulinゴクリン,Gulpin,50,316,43,53,40,10.3,3,False,False,False,False,False,False,False,False,False,True,False,False,False,False,False,False,False,False,True,5120
"['Chlorophyll', 'Solar Power', 'Early Bird']",2.0,1.0,1.0,0.5,1.0,1.0,2.0,2.0,1.0,0.5,0.5,2.0,1.0,2.0,1.0,1.0,1.0,0.5,30,>=70,180,235.0,Seed Pokémon,30,1M-1.25M,0.3,30,Himanutsヒマナッツ,Sunkern,50,191,30,30,30,1.8,2,False,False,True,False,False,False,False,False,False,False,False,False,False,False,False,False,False,False,True,5120
"['Flower Veil', 'Symbiosis']",0.5,0.5,0.0,1.0,1.0,0.5,1.0,1.0,1.0,1.0,1.0,1.0,1.0,2.0,1.0,1.0,2.0,1.0,38,>=70,303,225.0,Single Bloom Pokémon,39,1M-1.25M,0.1,44,Flabebeフラベベ,Flabébé,<50,669,61,79,42,0.1,6,False,False,False,False,False,False,False,False,False,False,False,False,False,True,False,False,False,False,True,5120
"['Gluttony', 'Blaze']",0.5,1.0,1.0,1.0,0.5,1.0,0.5,1.0,1.0,0.5,2.0,0.5,1.0,1.0,1.0,2.0,0.5,2.0,53,>=70,316,190.0,High Temp Pokémon,48,1M-1.25M,0.6,50,Baoppuバオップ,Pansear,>50,513,53,48,64,11.0,5,True,False,False,False,False,False,False,False,False,False,False,False,False,False,False,False,False,False,True,5120
"['Contrary', 'Suction Cups', 'Infiltrator']",4.0,1.0,1.0,1.0,2.0,1.0,1.0,1.0,1.0,1.0,1.0,1.0,1.0,1.0,0.0,1.0,1.0,1.0,54,>=70,288,190.0,Revolving Pokémon,53,1M-1.25M,0.4,53,Maaiikaマーイーカ,Inkay,50,686,37,46,45,3.5,6,False,False,False,False,False,False,False,False,False,False,False,False,False,False,True,False,False,True,False,5120
"['Thick Fat', 'Own Tempo', 'Gluttony']",2.0,2.0,1.0,1.0,1.0,0.5,1.0,1.0,2.0,1.0,1.0,1.0,1.0,1.0,0.5,1.0,1.0,1.0,25,>=70,330,255.0,Bounce Pokémon,35,<1M,0.7,60,Banebooバネブー,Spoink,50,325,70,80,60,30.6,3,False,False,False,False,False,False,False,False,False,False,False,False,False,False,False,False,False,True,True,5120
"['Overgrow', 'Chlorophyll']",1.0,1.0,1.0,0.5,0.5,0.5,2.0,2.0,1.0,0.25,1.0,2.0,1.0,1.0,2.0,1.0,1.0,0.5,49,>=70,318,45.0,Seed Pokémon,49,1M-1.25M,0.7,45,Fushigidaneフシギダネ,Bulbasaur,>50,1,65,65,45,6.9,1,False,False,True,False,False,False,False,False,False,True,False,False,False,False,False,False,False,False,False,5120
"['Compoundeyes', 'Unnerve', 'Swarm']",1.0,1.0,1.0,0.5,1.0,0.5,2.0,1.0,1.0,0.5,1.0,1.0,1.0,1.0,1.0,2.0,0.5,1.0,47,>=70,319,190.0,Attaching Pokémon,50,1M-1.25M,0.1,50,Bachuruバチュル,Joltik,50,595,57,50,65,0.6,5,False,False,False,True,False,True,False,False,False,False,False,False,False,False,False,False,False,False,False,5120
"['Tough Claws', 'Sniper', 'Pickpocket']",1.0,1.0,1.0,2.0,1.0,2.0,0.25,0.5,1.0,4.0,2.0,0.5,0.5,0.5,1.0,1.0,1.0,1.0,52,>=70,306,120.0,Two-Handed Pokémon,67,1M-1.25M,0.5,42,Kameteteカメテテ,Binacle,50,688,39,56,50,31.0,6,False,True,False,False,False,False,False,False,False,False,False,True,False,False,False,False,False,False,False,5120
"['Shadow Tag', 'Telepathy']",2.0,2.0,1.0,1.0,1.0,0.5,1.0,1.0,2.0,1.0,1.0,1.0,1.0,1.0,0.5,1.0,1.0,1.0,33,>=70,405,45.0,Patient Pokémon,58,1M-1.25M,1.3,190,Sonansソーナンス,Wobbuffet,50,202,33,58,33,28.5,2,False,False,False,False,False,False,False,False,False,False,False,False,False,False,False,False,False,True,True,5120
"['Synchronize', 'Early Bird', 'Magic Bounce']",1.0,2.0,1.0,2.0,1.0,0.25,1.0,1.0,2.0,0.5,0.0,2.0,1.0,1.0,0.5,2.0,1.0,1.0,50,>=70,320,190.0,Little Bird Pokémon,45,1M-1.25M,0.2,40,Natyネイティ,Natu,50,177,70,45,70,2.0,2,False,False,False,False,False,False,False,False,True,False,False,False,False,False,False,False,False,True,False,5120
['Iron Barbs'],1.0,1.0,0.5,0.5,0.5,2.0,4.0,1.0,1.0,0.25,1.0,1.0,0.5,0.0,0.5,0.5,0.5,0.5,50,>=70,305,255.0,Thorn Seed Pokémon,91,1M-1.25M,0.6,44,Tesseedテッシード,Ferroseed,50,597,24,86,10,18.8,5,False,False,True,False,False,False,False,False,False,False,False,False,True,False,False,False,False,False,False,5120
"['Chlorophyll', 'Early Bird', 'Pickpocket']",2.0,1.0,1.0,0.5,1.0,1.0,2.0,2.0,1.0,0.5,0.5,2.0,1.0,2.0,1.0,1.0,1.0,0.5,40,>=70,220,255.0,Acorn Pokémon,50,1M-1.25M,0.5,40,Tanebohタネボー,Seedot,50,273,30,30,30,4.0,3,False,False,True,False,False,False,False,False,False,False,False,False,False,False,False,False,False,False,True,<=3840
"['Sap Sipper', 'Grass Pelt']",2.0,1.0,1.0,0.5,1.0,1.0,2.0,2.0,1.0,0.5,0.5,2.0,1.0,2.0,1.0,1.0,1.0,0.5,65,>=70,350,200.0,Mount Pokémon,48,1M-1.25M,0.9,66,Meecleメェークル,Skiddo,50,672,62,57,52,31.0,6,False,False,True,False,False,False,False,False,False,False,False,False,False,False,False,False,False,False,True,5120
"['Sturdy', 'Gluttony', 'Contrary']",1.0,1.0,1.0,1.0,1.0,1.0,1.0,1.0,1.0,1.0,1.0,1.0,0.5,0.5,1.0,2.0,2.0,2.0,10,>=70,505,190.0,Mold Pokémon,230,1M-1.25M,0.6,20,Tsubotsuboツボツボ,Shuckle,50,213,10,230,5,20.5,2,False,False,False,False,False,True,False,False,False,False,False,True,False,False,False,False,False,False,False,5120
"['Flower Veil', 'Triage', 'Natural Cure']",0.5,0.5,0.0,1.0,1.0,0.5,1.0,1.0,1.0,1.0,1.0,1.0,1.0,2.0,1.0,1.0,2.0,1.0,52,>=70,485,60.0,Posy Picker Pokémon,90,<1M,0.1,51,Cuwawaキュワワー,Comfey,<50,764,82,110,100,0.3,7,False,False,False,False,False,False,False,False,False,False,False,False,False,True,False,False,False,False,True,5120
"['Poison Point', 'Rivalry', 'Hustle']",0.5,1.0,1.0,1.0,0.5,0.5,1.0,1.0,1.0,0.5,2.0,1.0,1.0,0.5,2.0,1.0,1.0,1.0,57,>=70,273,235.0,Poison Pin Pokémon,40,1M-1.25M,0.5,46,Nidoran?ニドラン♂,Nidoran♂,>50,32,40,40,50,9.0,1,False,False,False,False,False,False,False,False,False,True,False,False,False,False,False,False,False,False,True,5120
"['Thick Fat', 'Scrappy', 'Sap Sipper']",1.0,1.0,1.0,1.0,1.0,2.0,1.0,1.0,0.0,1.0,1.0,1.0,1.0,1.0,1.0,1.0,1.0,1.0,80,>=70,490,45.0,Milk Cow Pokémon,105,>=1.25M,1.2,95,Miltankミルタンク,Miltank,<50,241,40,70,100,75.5,2,False,False,False,False,False,False,True,False,False,False,False,False,False,False,False,False,False,False,True,5120
"['Frisk', 'Competitive', 'Shadow Tag']",2.0,2.0,1.0,1.0,1.0,0.5,1.0,1.0,2.0,1.0,1.0,1.0,1.0,1.0,0.5,1.0,1.0,1.0,30,>=70,290,200.0,Fixation Pokémon,50,1M-1.25M,0.4,45,Gothimuゴチム,Gothita,<50,574,55,65,45,5.8,5,False,False,False,False,False,False,False,False,False,False,False,False,False,False,False,False,False,True,True,5120
['Hydration'],1.0,1.0,1.0,2.0,1.0,1.0,0.5,1.0,1.0,2.0,1.0,0.5,1.0,1.0,1.0,1.0,0.5,0.5,80,>=70,480,30.0,Sea Drifter Pokémon,80,>=1.25M,0.4,80,Phioneフィオネ,Phione,agender,489,80,80,80,3.1,4,False,True,False,False,False,False,False,False,False,False,False,False,False,False,False,False,False,False,True,>=7680
"['Solid Rock', 'Sturdy', 'Swift Swim']",1.0,1.0,1.0,2.0,1.0,2.0,0.25,0.5,1.0,4.0,2.0,0.5,0.5,0.5,1.0,1.0,1.0,1.0,78,>=70,355,45.0,Prototurtle Pokémon,103,1M-1.25M,0.7,54,Protogaプロトーガ,Tirtouga,>50,564,53,45,22,16.5,5,False,True,False,False,False,False,False,False,False,False,False,True,False,False,False,False,False,False,False,>=7680
"['Water Bubble', 'Water Absorb']",1.0,1.0,1.0,2.0,1.0,0.5,1.0,2.0,1.0,1.0,0.5,0.5,1.0,1.0,1.0,2.0,0.5,0.5,40,>=70,269,200.0,Water Bubble Pokémon,52,1M-1.25M,0.3,38,Shizukumoシズクモ,Dewpider,50,751,40,72,27,4.0,7,False,True,False,False,False,True,False,False,False,False,False,False,False,False,False,False,False,False,False,<=3840
"['Chlorophyll', 'Sap Sipper', 'Serene Grace']",2.0,1.0,1.0,0.5,1.0,2.0,2.0,2.0,0.0,0.5,0.5,2.0,1.0,2.0,1.0,1.0,1.0,0.5,60,>=70,335,190.0,Season Pokémon,50,1M-1.25M,0.6,60,Shikijikaシキジカ,Deerling,50,585,40,50,75,19.5,5,False,False,True,False,False,False,True,False,False,False,False,False,False,False,False,False,False,False,False,5120
"['Swift Swim', 'Hydration']",1.0,1.0,1.0,2.0,1.0,1.0,0.5,1.0,1.0,2.0,1.0,0.5,1.0,1.0,1.0,1.0,0.5,0.5,30,>=70,330,225.0,Rendezvous Pokémon,55,<1M,0.6,43,Lovecusラブカス,Luvdisc,<50,370,40,65,97,8.7,3,False,True,False,False,False,False,False,False,False,False,False,False,False,False,False,False,False,False,True,5120
"['Inner Focus', 'Regenerator', 'Reckless']",0.5,0.5,1.0,1.0,2.0,1.0,1.0,2.0,1.0,1.0,1.0,1.0,1.0,1.0,2.0,0.5,1.0,1.0,85,>=70,350,180.0,Martial Arts Pokémon,50,1M-1.25M,0.9,45,Kojofuコジョフー,Mienfoo,50,619,55,50,65,20.0,5,False,False,False,False,False,False,False,False,False,False,True,False,False,False,False,False,False,False,True,6400
"['Damp', 'Cloud Nine', 'Swift Swim']",1.0,1.0,1.0,2.0,1.0,1.0,0.5,1.0,1.0,2.0,1.0,0.5,1.0,1.0,1.0,1.0,0.5,0.5,52,>=70,320,190.0,Duck Pokémon,48,1M-1.25M,0.8,50,Koduckコダック,Psyduck,50,54,65,50,55,19.6,1,False,True,False,False,False,False,False,False,False,False,False,False,False,False,False,False,False,False,True,5120
"['Levitate', 'Frisk']",0.5,2.0,1.0,1.0,1.0,0.0,1.0,1.0,2.0,1.0,1.0,1.0,0.0,0.5,1.0,1.0,1.0,1.0,40,<70,295,190.0,Requiem Pokémon,90,<1M,0.8,20,Yomawaruヨマワル,Duskull,50,355,30,90,25,15.0,3,False,False,False,False,False,False,False,False,False,False,False,False,False,False,False,True,False,False,True,6400
"['Sturdy', 'Inner Focus', 'Mold Breaker']",0.5,0.5,1.0,1.0,2.0,1.0,1.0,2.0,1.0,1.0,1.0,1.0,1.0,1.0,2.0,0.5,1.0,1.0,125,>=70,465,45.0,Karate Pokémon,75,1M-1.25M,1.4,75,Dagekiダゲキ,Sawk,>50,539,30,75,85,51.0,5,False,False,False,False,False,False,False,False,False,False,True,False,False,False,False,False,False,False,True,5120
"['Static', 'Limber', 'Sand Veil']",1.0,1.0,1.0,0.0,1.0,1.0,1.0,0.5,1.0,2.0,2.0,2.0,1.0,0.5,1.0,0.5,0.5,2.0,66,>=70,471,75.0,Trap Pokémon,84,1M-1.25M,0.7,109,Maggyoマッギョ,Stunfisk,50,618,81,99,32,11.0,5,False,False,False,True,True,False,False,False,False,False,False,False,False,False,False,False,False,False,False,5120
"['Oblivious', 'Anticipation', 'Hydration']",1.0,1.0,1.0,0.0,1.0,1.0,0.5,1.0,1.0,4.0,1.0,1.0,1.0,0.5,1.0,0.5,0.5,1.0,48,>=70,288,190.0,Whiskers Pokémon,43,1M-1.25M,0.4,50,Dojoachドジョッチ,Barboach,50,339,46,41,60,1.9,3,False,True,False,False,True,False,False,False,False,False,False,False,False,False,False,False,False,False,False,5120
"['Static', 'Lightningrod']",1.0,1.0,1.0,0.5,1.0,1.0,1.0,0.5,1.0,1.0,2.0,1.0,1.0,1.0,1.0,1.0,0.5,1.0,40,>=70,205,190.0,Tiny Mouse Pokémon,15,1M-1.25M,0.3,20,Pichuピチュー,Pichu,50,172,35,35,60,2.0,2,False,False,False,True,False,False,False,False,False,False,False,False,False,False,False,False,False,False,True,<=3840
"['Sand Veil', 'Arena Trap', 'Sand Force', 'Sand Veil', 'Tangling Hair', 'Sand Force']",1.0,1.0,1.0,0.0,1.0,1.0,1.0,1.0,1.0,2.0,1.0,2.0,1.0,0.5,1.0,0.5,1.0,2.0,55,>=70,265,255.0,Mole Pokémon,30,1M-1.25M,0.2,10,Digdaディグダ,Diglett,50,50,35,45,90,0.8,1,False,False,False,False,True,False,False,False,False,False,False,False,False,False,False,False,False,False,False,5120
"['Rock Head', 'Pressure', 'Unnerve']",0.5,1.0,1.0,2.0,1.0,1.0,0.5,0.5,1.0,1.0,0.0,2.0,0.5,0.5,1.0,2.0,2.0,2.0,135,>=70,615,45.0,Fossil Pokémon,85,>=1.25M,1.8,80,Pteraプテラ,Aerodactyl,>50,142,70,95,150,59.0,1,False,False,False,False,False,False,False,False,True,False,False,True,False,False,False,False,False,False,False,>=7680
"['Shed Skin', 'Moxie', 'Intimidate']",1.0,0.25,1.0,1.0,4.0,2.0,1.0,2.0,0.5,1.0,1.0,1.0,1.0,1.0,0.0,0.5,1.0,1.0,75,<70,348,180.0,Shedding Pokémon,70,1M-1.25M,0.6,50,Zurugguズルッグ,Scraggy,50,559,35,70,48,11.8,5,False,False,False,False,False,False,False,False,False,False,True,False,False,False,True,False,False,False,False,<=3840
"['Gluttony', 'Torrent']",1.0,1.0,1.0,2.0,1.0,1.0,0.5,1.0,1.0,2.0,1.0,0.5,1.0,1.0,1.0,1.0,0.5,0.5,53,>=70,316,190.0,Spray Pokémon,48,1M-1.25M,0.6,50,Hiyappuヒヤップ,Panpour,>50,515,53,48,64,13.5,5,False,True,False,False,False,False,False,False,False,False,False,False,False,False,False,False,False,False,True,5120
"['Guts', 'Inner Focus', 'Mold Breaker']",0.5,0.5,1.0,1.0,2.0,1.0,1.0,2.0,1.0,1.0,1.0,1.0,1.0,1.0,2.0,0.5,1.0,1.0,100,>=70,465,45.0,Judo Pokémon,85,1M-1.25M,1.3,120,Nagekiナゲキ,Throh,>50,538,30,85,45,55.5,5,False,False,False,False,False,False,False,False,False,False,True,False,False,False,False,False,False,False,True,5120
"['Forewarn', 'Synchronize', 'Telepathy']",2.0,2.0,1.0,1.0,1.0,0.5,1.0,1.0,2.0,1.0,1.0,1.0,1.0,1.0,0.5,1.0,1.0,1.0,25,>=70,292,190.0,Dream Eater Pokémon,45,<1M,0.6,76,Munnaムンナ,Munna,50,517,67,55,24,23.3,5,False,False,False,False,False,False,False,False,False,False,False,False,False,False,False,False,False,True,True,<=3840
"['Own Tempo', 'Ice Body', 'Sturdy']",1.0,1.0,1.0,1.0,1.0,2.0,2.0,1.0,1.0,1.0,1.0,0.5,1.0,1.0,1.0,2.0,2.0,1.0,69,>=70,304,190.0,Ice Chunk Pokémon,85,1M-1.25M,1.0,55,Kachikohruカチコール,Bergmite,50,712,32,35,28,99.5,6,False,False,False,False,False,False,False,True,False,False,False,False,False,False,False,False,False,False,True,5120
"['Keen Eye', 'Sheer Force', 'Hustle']",0.5,1.0,1.0,2.0,1.0,1.0,1.0,1.0,0.0,0.5,0.0,2.0,1.0,1.0,1.0,2.0,1.0,1.0,83,>=70,350,190.0,Eaglet Pokémon,50,>=1.25M,0.5,70,Washibonワシボン,Rufflet,>50,627,37,50,60,10.5,5,False,False,False,False,False,False,True,False,True,False,False,False,False,False,False,False,False,False,False,5120
"['Chlorophyll', 'Leaf Guard', 'Regenerator']",2.0,1.0,1.0,0.5,1.0,1.0,2.0,2.0,1.0,0.5,0.5,2.0,1.0,2.0,1.0,1.0,1.0,0.5,55,>=70,435,45.0,Vine Pokémon,115,1M-1.25M,1.0,65,Monjaraモンジャラ,Tangela,50,114,100,40,60,35.0,1,False,False,True,False,False,False,False,False,False,False,False,False,False,False,False,False,False,False,True,5120
"['Wonder Skin ', 'Magic Guard', 'Tinted Lens']",1.0,2.0,1.0,2.0,1.0,0.25,1.0,1.0,2.0,0.5,0.0,2.0,1.0,1.0,0.5,2.0,1.0,1.0,58,>=70,490,45.0,Avianoid Pokémon,80,1M-1.25M,1.4,72,Symbolerシンボラー,Sigilyph,50,561,103,80,97,14.0,5,False,False,False,False,False,False,False,False,True,False,False,False,False,False,False,False,False,True,False,5120
"['Thick Fat', 'Huge Power', 'Sap Sipper']",0.5,0.5,0.0,2.0,1.0,0.5,0.5,1.0,1.0,2.0,1.0,0.5,1.0,2.0,1.0,1.0,1.0,0.5,20,>=70,250,190.0,Aquamouse Pokémon,50,<1M,0.4,70,Marilマリル,Marill,50,183,20,50,40,8.5,2,False,True,False,False,False,False,False,False,False,False,False,False,False,True,False,False,False,False,False,<=3840
"['Rivalry', 'Unnerve', 'Moxie']",0.5,1.0,1.0,1.0,0.5,2.0,0.5,1.0,0.0,0.5,2.0,0.5,1.0,1.0,1.0,2.0,0.5,2.0,50,>=70,369,220.0,Lion Cub Pokémon,58,1M-1.25M,0.6,62,Shishikoシシコ,Litleo,<50,667,73,54,72,13.5,6,True,False,False,False,False,False,True,False,False,False,False,False,False,False,False,False,False,False,False,5120
"['Leaf Guard', 'Oblivious', 'Sweet Veil']",2.0,1.0,1.0,0.5,1.0,1.0,2.0,2.0,1.0,0.5,0.5,2.0,1.0,2.0,1.0,1.0,1.0,0.5,30,>=70,210,235.0,Fruit Pokémon,38,1M-1.25M,0.3,42,Amakajiアマカジ,Bounsweet,<50,761,30,38,32,3.2,7,False,False,True,False,False,False,False,False,False,False,False,False,False,False,False,False,False,False,True,5120
"['Vital Spirit', 'Anger Point', 'Defiant']",0.5,0.5,1.0,1.0,2.0,1.0,1.0,2.0,1.0,1.0,1.0,1.0,1.0,1.0,2.0,0.5,1.0,1.0,80,>=70,305,190.0,Pig Monkey Pokémon,35,1M-1.25M,0.5,40,Mankeyマンキー,Mankey,50,56,35,45,70,28.0,1,False,False,False,False,False,False,False,False,False,False,True,False,False,False,False,False,False,False,True,5120
"['Static', 'Lightningrod', 'Minus']",1.0,1.0,1.0,0.5,1.0,1.0,1.0,0.5,1.0,1.0,2.0,1.0,1.0,1.0,1.0,1.0,0.5,1.0,45,>=70,295,120.0,Lightning Pokémon,40,>=1.25M,0.6,40,Rakuraiラクライ,Electrike,50,309,65,40,65,15.2,3,False,False,False,True,False,False,False,False,False,False,False,False,False,False,False,False,False,False,True,5120
"['Honey Gather', 'Hustle']",0.5,1.0,1.0,2.0,1.0,0.25,2.0,2.0,1.0,0.25,0.0,2.0,1.0,1.0,1.0,4.0,1.0,1.0,30,>=70,244,120.0,Tiny Bee Pokémon,42,1M-1.25M,0.3,30,Mitsuhoneyミツハニー,Combee,>50,415,30,42,70,5.5,4,False,False,False,False,False,True,False,False,True,False,False,False,False,False,False,False,False,False,False,<=3840
"['Compoundeyes', 'Run Away']",1.0,1.0,1.0,0.0,1.0,0.5,2.0,2.0,1.0,1.0,0.5,2.0,1.0,0.5,1.0,1.0,1.0,2.0,45,>=70,266,255.0,Trainee Pokémon,90,<1M,0.5,31,Tutininツチニン,Nincada,50,290,30,30,40,5.5,3,False,False,False,False,True,True,False,False,False,False,False,False,False,False,False,False,False,False,False,<=3840
"['Swift Swim', 'Storm Drain', 'Water Veil']",1.0,1.0,1.0,2.0,1.0,1.0,0.5,1.0,1.0,2.0,1.0,0.5,1.0,1.0,1.0,1.0,0.5,0.5,49,>=70,330,190.0,Wing Fish Pokémon,56,<1M,0.4,49,Keikouoケイコウオ,Finneon,50,456,49,61,66,7.0,4,False,True,False,False,False,False,False,False,False,False,False,False,False,False,False,False,False,False,True,5120
"['Reckless', 'Rock Head', 'Adaptability', 'Mold Breaker']",1.0,1.0,1.0,2.0,1.0,1.0,0.5,1.0,1.0,2.0,1.0,0.5,1.0,1.0,1.0,1.0,0.5,0.5,92,>=70,460,25.0,Hostile Pokémon,65,1M-1.25M,1.0,70,Bassraoバスラオ,Basculin,50,550,80,55,98,18.0,5,False,True,False,False,False,False,False,False,False,False,False,False,False,False,False,False,False,False,True,>=7680
"['Trace', 'Download', 'Analytic']",1.0,1.0,1.0,1.0,1.0,2.0,1.0,1.0,0.0,1.0,1.0,1.0,1.0,1.0,1.0,1.0,1.0,1.0,60,>=70,395,45.0,Virtual Pokémon,70,1M-1.25M,0.8,65,Porygonポリゴン,Porygon,agender,137,85,75,40,36.5,1,False,False,False,False,False,False,True,False,False,False,False,False,False,False,False,False,False,False,True,5120
"['Blaze', 'Thick Fat']",0.5,1.0,1.0,1.0,0.5,1.0,0.5,1.0,1.0,0.5,2.0,0.5,1.0,1.0,1.0,2.0,0.5,2.0,63,>=70,308,45.0,Fire Pig Pokémon,45,1M-1.25M,0.5,65,Pokabuポカブ,Tepig,>50,498,45,45,45,9.9,5,True,False,False,False,False,False,False,False,False,False,False,False,False,False,False,False,False,False,True,5120
"['Shell Armor', 'Rattled']",1.0,1.0,1.0,2.0,1.0,1.0,0.5,1.0,1.0,2.0,1.0,0.5,1.0,1.0,1.0,1.0,0.5,0.5,64,>=70,345,255.0,Bivalve Pokémon,85,<1M,0.4,35,Pearluluパールル,Clamperl,50,366,74,55,32,52.5,3,False,True,False,False,False,False,False,False,False,False,False,False,False,False,False,False,False,False,True,5120
"['Intimidate', 'Anger Point', 'Sheer Force']",1.0,1.0,1.0,1.0,1.0,2.0,1.0,1.0,0.0,1.0,1.0,1.0,1.0,1.0,1.0,1.0,1.0,1.0,100,>=70,490,45.0,Wild Bull Pokémon,95,>=1.25M,1.4,75,Kentaurosケンタロス,Tauros,>50,128,40,70,110,88.4,1,False,False,False,False,False,False,True,False,False,False,False,False,False,False,False,False,False,False,True,5120
"['Torrent', 'Protean']",1.0,1.0,1.0,2.0,1.0,1.0,0.5,1.0,1.0,2.0,1.0,0.5,1.0,1.0,1.0,1.0,0.5,0.5,56,>=70,314,45.0,Bubble Frog Pokémon,40,1M-1.25M,0.3,41,Keromatsuケロマツ,Froakie,>50,656,62,44,71,7.0,6,False,True,False,False,False,False,False,False,False,False,False,False,False,False,False,False,False,False,True,5120
"['Stench', 'Sticky Hold', 'Aftermath']",0.5,1.0,1.0,1.0,0.5,0.5,1.0,1.0,1.0,0.5,2.0,1.0,1.0,0.5,2.0,1.0,1.0,1.0,50,>=70,329,190.0,Trash Bag Pokémon,62,1M-1.25M,0.6,50,Yabukuronヤブクロン,Trubbish,50,568,40,62,65,31.0,5,False,False,False,False,False,False,False,False,False,True,False,False,False,False,False,False,False,False,True,5120
"['Aftermath', 'Unburden', 'Flare Boost']",0.25,2.0,1.0,2.0,1.0,0.0,1.0,1.0,2.0,0.5,0.0,2.0,0.0,0.5,1.0,2.0,1.0,1.0,50,>=70,348,125.0,Balloon Pokémon,34,>=1.25M,0.4,90,Fuwanteフワンテ,Drifloon,50,425,60,44,70,1.2,4,False,False,False,False,False,False,False,False,True,False,False,False,False,False,False,True,False,False,False,>=7680
"['Run Away', 'Keen Eye', 'Frisk']",1.0,1.0,1.0,1.0,1.0,2.0,1.0,1.0,0.0,1.0,1.0,1.0,1.0,1.0,1.0,1.0,1.0,1.0,46,>=70,215,255.0,Scout Pokémon,34,1M-1.25M,0.8,35,Otachiオタチ,Sentret,50,161,35,45,20,6.0,2,False,False,False,False,False,False,True,False,False,False,False,False,False,False,False,False,False,False,True,<=3840
"['Steadfast', 'Inner Focus', 'Prankster']",0.5,0.5,1.0,1.0,2.0,1.0,1.0,2.0,1.0,1.0,1.0,1.0,1.0,1.0,2.0,0.5,1.0,1.0,70,>=70,285,75.0,Emanation Pokémon,40,1M-1.25M,0.7,40,Rioluリオル,Riolu,>50,447,35,40,60,20.2,4,False,False,False,False,False,False,False,False,False,False,True,False,False,False,False,False,False,False,True,6400
"['Sturdy', 'Weak Armor', 'Sand Force']",1.0,1.0,1.0,1.0,1.0,2.0,0.5,0.5,1.0,2.0,2.0,1.0,0.5,0.5,1.0,1.0,2.0,2.0,75,>=70,280,255.0,Mantle Pokémon,85,1M-1.25M,0.4,55,Dangoroダンゴロ,Roggenrola,50,524,25,25,15,18.0,5,False,False,False,False,False,False,False,False,False,False,False,True,False,False,False,False,False,False,True,<=3840
"['Stench', 'Aftermath', 'Keen Eye']",1.0,0.5,1.0,1.0,1.0,1.0,1.0,1.0,0.5,0.5,2.0,1.0,1.0,0.5,0.0,1.0,1.0,1.0,63,>=70,329,225.0,Skunk Pokémon,47,1M-1.25M,0.4,63,Skunpuuスカンプー,Stunky,50,434,41,41,74,19.2,4,False,False,False,False,False,False,False,False,False,True,False,False,False,False,True,False,False,False,False,5120
"['Insomnia', 'Frisk', 'Cursed Body']",0.5,2.0,1.0,1.0,1.0,0.0,1.0,1.0,2.0,1.0,1.0,1.0,0.0,0.5,1.0,1.0,1.0,1.0,75,<70,295,225.0,Puppet Pokémon,35,<1M,0.6,44,Kagebouzuカゲボウズ,Shuppet,50,353,63,33,45,2.3,3,False,False,False,False,False,False,False,False,False,False,False,False,False,False,False,True,False,False,True,6400
"['Simple', 'Unaware', 'Moody']",1.0,1.0,1.0,1.0,1.0,2.0,1.0,1.0,0.0,1.0,1.0,1.0,1.0,1.0,1.0,1.0,1.0,1.0,45,>=70,250,255.0,Plump Mouse Pokémon,40,1M-1.25M,0.5,59,Bippaビッパ,Bidoof,50,399,35,40,31,20.0,4,False,False,False,False,False,False,True,False,False,False,False,False,False,False,False,False,False,False,True,<=3840
"['Shell Armor', 'Skill Link', 'Overcoat']",1.0,1.0,1.0,2.0,1.0,1.0,0.5,1.0,1.0,2.0,1.0,0.5,1.0,1.0,1.0,1.0,0.5,0.5,65,>=70,305,190.0,Bivalve Pokémon,100,>=1.25M,0.3,30,Shellderシェルダー,Shellder,50,90,45,25,40,4.0,1,False,True,False,False,False,False,False,False,False,False,False,False,False,False,False,False,False,False,True,5120
['Truant'],1.0,1.0,1.0,1.0,1.0,2.0,1.0,1.0,0.0,1.0,1.0,1.0,1.0,1.0,1.0,1.0,1.0,1.0,60,>=70,280,255.0,Slacker Pokémon,60,>=1.25M,0.8,60,Namakeroナマケロ,Slakoth,50,287,35,35,30,24.0,3,False,False,False,False,False,False,True,False,False,False,False,False,False,False,False,False,False,False,True,<=3840
